riskAllele	pValue	pValueAnnotation	riskFrequency	orValue	beta	ci	mappedGenes	traitName	efoTraits	bgTraits	accessionId	locations	pubmedId	author
rs7916852-C	6E-7	-	0.43	1.54	-	[1.25-1.9]	MPP7	"Glaucoma (primary open-angle)"	"open-angle glaucoma"	-	GCST003446	10:28116482	27001270	"Vishal M"
rs433295-?	9E-7	-	NR	-	-	-	FARS2	"Glaucoma (primary open-angle)"	"open-angle glaucoma"	-	GCST003446	6:5475252	27001270	"Vishal M"
rs314669-?	2E-6	-	NR	-	-	-	DACT3-AS1	"Glaucoma (primary open-angle)"	"open-angle glaucoma"	-	GCST003446	19:46664872	27001270	"Vishal M"
rs3809863-?	5E-6	-	NR	-	-	-	ITGB3,EFCAB13-DT	"Glaucoma (primary open-angle)"	"open-angle glaucoma"	-	GCST003446	17:47307646	27001270	"Vishal M"
rs7835454-?	6E-6	-	NR	-	-	-	LINC02866	"Glaucoma (primary open-angle)"	"open-angle glaucoma"	-	GCST003446	8:40176915	27001270	"Vishal M"
rs2745572-A	2E-10	-	0.66	1.17	-	NR	FOXCUT,ELF2P2	"Glaucoma (primary open-angle)"	"open-angle glaucoma"	-	GCST003342	6:1548134	26752265	"Bailey JN"
rs35934224-C	4E-11	-	0.84	1.28	-	NR	TXNRD2	"Glaucoma (primary open-angle)"	"open-angle glaucoma"	-	GCST003342	22:19885122	26752265	"Bailey JN"
rs7137828-T	9E-10	(European)	0.5	1.17	-	NR	ATXN2	"Glaucoma (primary open-angle)"	"open-angle glaucoma"	-	GCST003342	12:111494996	26752265	"Bailey JN"
rs2745572-A	5E-12	(European)	0.66	1.22	-	NR	FOXCUT,ELF2P2	"Glaucoma (primary open-angle)"	"open-angle glaucoma"	-	GCST003342	6:1548134	26752265	"Bailey JN"
rs35934224-C	9E-11	(European)	0.84	1.28	-	NR	TXNRD2	"Glaucoma (primary open-angle)"	"open-angle glaucoma"	-	GCST003342	22:19885122	26752265	"Bailey JN"
rs2317961-?	3E-8	-	NR	1.3157895	-	-	ELF2P2,FOXCUT	"Glaucoma (high intraocular pressure)"	"open-angle glaucoma"	-	GCST003344	6:1532881	26752265	"Bailey JN"
rs7555523-A	1E-12	-	NR	-	-	-	TMCO1	"Glaucoma (high intraocular pressure)"	"open-angle glaucoma"	-	GCST003344	1:165749742	26752265	"Bailey JN"
rs2745572-A	3E-9	-	NR	-	-	-	FOXCUT,ELF2P2	"Glaucoma (high intraocular pressure)"	"open-angle glaucoma"	-	GCST003344	6:1548134	26752265	"Bailey JN"
rs1254276-T	2E-9	-	NR	-	-	-	C14orf39,LINC02322	"Glaucoma (high intraocular pressure)"	"open-angle glaucoma"	-	GCST003344	14:60380283	26752265	"Bailey JN"
rs33912345-A	1E-9	-	NR	-	-	-	SIX6,C14orf39	"Glaucoma (high intraocular pressure)"	"open-angle glaucoma"	-	GCST003344	14:60509819	26752265	"Bailey JN"
rs10483727-T	2E-9	-	NR	-	-	-	C14orf39,SALRNA1	"Glaucoma (high intraocular pressure)"	"open-angle glaucoma"	-	GCST003344	14:60606157	26752265	"Bailey JN"
rs7588567-G	4E-7	-	0.586	1.18	-	[1.10-1.25]	MGAT5,RN7SKP93	"Glaucoma (primary open-angle)"	"open-angle glaucoma"	-	GCST001451	2:133605461	22419738	"Osman W"
rs1063192-T	5E-11	-	0.79	1.33	-	[1.22-1.43]	CDKN2B,CDKN2B-AS1	"Glaucoma (primary open-angle)"	"open-angle glaucoma"	-	GCST001451	9:22003368	22419738	"Osman W"
rs10483727-T	9E-8	-	0.768	1.27	-	[1.18-1.37]	C14orf39,SALRNA1	"Glaucoma (primary open-angle)"	"open-angle glaucoma"	-	GCST001451	14:60606157	22419738	"Osman W"
rs4236601-A	2E-11	-	0.23	1.27	-	[1.18-1.36]	CAV1,CAV2	"Glaucoma (primary open-angle)"	"open-angle glaucoma"	-	GCST000793	7:116522675	20835238	"Thorleifsson G"
rs7865618-A	9E-11	-	0.82	1.78	-	[1.50-2.12]	CDKN2B-AS1	"Glaucoma (primary open-angle)"	"open-angle glaucoma"	-	GCST001441	9:22031006	22428042	"Nakano M"
rs284489-?	9E-10	(NPG)	NR	1.61	-	[1.39-1.89]	ZFPM2	"Glaucoma (primary open-angle)"	"open-angle glaucoma"	-	GCST001493	8:104945792	22570617	"Wiggs JL"
rs2157719-?	1E-12	(NPG)	NR	1.72	-	[1.49-2.00]	CDKN2B-AS1	"Glaucoma (primary open-angle)"	"open-angle glaucoma"	-	GCST001493	9:22033367	22570617	"Wiggs JL"
rs2157719-?	2E-18	-	NR	1.45	-	[1.33-1.59]	CDKN2B-AS1	"Glaucoma (primary open-angle)"	"open-angle glaucoma"	-	GCST001493	9:22033367	22570617	"Wiggs JL"
rs10483727-A	4E-11	-	NR	1.32	-	[1.21-1.43]	C14orf39,SALRNA1	"Glaucoma (primary open-angle)"	"open-angle glaucoma"	-	GCST001493	14:60606157	22570617	"Wiggs JL"
rs7524755-T	8E-41	-	NR	1.37	-	[1.31-1.43]	TMCO1	"Glaucoma (primary open-angle)"	"open-angle glaucoma"	-	GCST006066	1:165725660	29891935	"Choquet H"
rs59521811-C	1E-16	-	NR	1.1627907	-	[1.12-1.2]	AFAP1	"Glaucoma (primary open-angle)"	"open-angle glaucoma"	-	GCST006066	4:7908045	29891935	"Choquet H"
rs9494457-T	7E-6	-	NR	1.08	-	[1.05-1.12]	PDE7B-AS1,PDE7B	"Glaucoma (primary open-angle)"	"open-angle glaucoma"	-	GCST006066	6:136153656	29891935	"Choquet H"
rs10811645-A	1E-18	-	NR	1.1627907	-	[1.12-1.2]	CDKN2B-AS1	"Glaucoma (primary open-angle)"	"open-angle glaucoma"	-	GCST006066	9:22049657	29891935	"Choquet H"
rs2472493-G	6E-17	-	NR	1.15	-	[1.12-1.19]	ABCA1,CT70	"Glaucoma (primary open-angle)"	"open-angle glaucoma"	-	GCST006066	9:104933567	29891935	"Choquet H"
rs6434068-C	2E-11	-	NR	1.098901	-	[1.06-1.12]	FMNL2	"Glaucoma (primary open-angle)"	"open-angle glaucoma"	-	GCST006065	2:152501027	29891935	"Choquet H"
rs67530707-T	4E-9	-	NR	1.1627907	-	[1.1-1.22]	-	"Glaucoma (primary open-angle)"	"open-angle glaucoma"	-	GCST006066	-	29891935	"Choquet H"
rs2814471-C	8E-44	-	NR	1.39	-	1.32–1.45	TMCO1,TMCO1-AS1	"Glaucoma (primary open-angle)"	"open-angle glaucoma"	-	GCST006067	1:165770361	29891935	"Choquet H"
rs56335522-G	2E-8	-	NR	1.18	-	1.11–1.25	PCED1CP,MIR4776-2	"Glaucoma (primary open-angle)"	"open-angle glaucoma"	-	GCST006067	2:212893510	29891935	"Choquet H"
rs9330348-C	2E-18	-	NR	1.16	-	1.12–1.20	AFAP1	"Glaucoma (primary open-angle)"	"open-angle glaucoma"	-	GCST006067	4:7882160	29891935	"Choquet H"
rs2073006-T	3E-10	-	NR	1.1627907	-	-	EXOC2	"Glaucoma (primary open-angle)"	"open-angle glaucoma"	-	GCST006067	6:637465	29891935	"Choquet H"
rs1333037-T	2E-23	-	NR	1.1904762	-	-	CDKN2B-AS1	"Glaucoma (primary open-angle)"	"open-angle glaucoma"	-	GCST006067	9:22040766	29891935	"Choquet H"
rs2472493-G	6E-17	-	NR	1.15	-	1.12–1.19	ABCA1,CT70	"Glaucoma (primary open-angle)"	"open-angle glaucoma"	-	GCST006067	9:104933567	29891935	"Choquet H"
rs34935520-G	4E-13	-	NR	1.14	-	1.10–1.17	C14orf39,SALRNA1	"Glaucoma (primary open-angle)"	"open-angle glaucoma"	-	GCST006067	14:60624683	29891935	"Choquet H"
rs2393455-C	7E-9	-	NR	1.08	-	1.05-1.11	BICC1	"Glaucoma (primary open-angle)"	"open-angle glaucoma"	-	GCST006065	10:58615138	29891935	"Choquet H"
rs2526101-G	1E-10	-	NR	1.0869565	-	[1.06-1.12]	THSD7A	"Glaucoma (primary open-angle)"	"open-angle glaucoma"	-	GCST006065	7:11637825	29891935	"Choquet H"
rs6947612-G	1E-8	-	NR	1.0869565	-	[1.05-1.11]	CTTNBP2,LSM8	"Glaucoma (primary open-angle)"	"open-angle glaucoma"	-	GCST006065	7:117992921	29891935	"Choquet H"
rs2860235-C	4E-8	-	NR	1.0752687	-	[1.05-1.11]	MIR4778,LINC02934	"Glaucoma (primary open-angle)"	"open-angle glaucoma"	-	GCST006065	2:66340764	29891935	"Choquet H"
rs2245899-G	5E-9	-	NR	1.08	-	1.05-1.11	LINC02349,RORA	"Glaucoma (primary open-angle)"	"open-angle glaucoma"	-	GCST006065	15:61660302	29891935	"Choquet H"
rs6140010-A	8E-10	-	NR	1.09	-	1.06-1.12	CASC20	"Glaucoma (primary open-angle)"	"open-angle glaucoma"	-	GCST006065	20:6492476	29891935	"Choquet H"
rs12808303-C	4E-10	-	NR	1.12	-	1.08-1.16	FAUP4	"Glaucoma (primary open-angle)"	"open-angle glaucoma"	-	GCST006065	11:65457848	29891935	"Choquet H"
rs34935520-G	8E-24	-	NR	1.15	-	1.12-1.18	C14orf39,SALRNA1	"Glaucoma (primary open-angle)"	"open-angle glaucoma"	-	GCST006065	14:60624683	29891935	"Choquet H"
rs58714937-C	1E-13	-	NR	1.15	-	1.11-1.20	GNB1L,TXNRD2	"Glaucoma (primary open-angle)"	"open-angle glaucoma"	-	GCST006065	22:19869187	29891935	"Choquet H"
rs2472493-G	6E-29	-	NR	1.16	-	1.13-1.19	ABCA1,CT70	"Glaucoma (primary open-angle)"	"open-angle glaucoma"	-	GCST006065	9:104933567	29891935	"Choquet H"
rs9913911-A	9E-34	-	NR	1.19	-	1.15-1.22	GAS7	"Glaucoma (primary open-angle)"	"open-angle glaucoma"	-	GCST006065	17:10127866	29891935	"Choquet H"
rs327636-A	7E-9	-	NR	1.08	-	1.06-1.12	EIF4EP4,SEMA3C	"Glaucoma (primary open-angle)"	"open-angle glaucoma"	-	GCST006065	7:81219506	29891935	"Choquet H"
rs41461152-T	4E-9	-	NR	1.09	-	1.06-1.12	PKN2-AS1	"Glaucoma (primary open-angle)"	"open-angle glaucoma"	-	GCST006065	1:87761437	29891935	"Choquet H"
rs4709212-C	8E-9	-	NR	1.09	-	1.06-1.12	TMEM181	"Glaucoma (primary open-angle)"	"open-angle glaucoma"	-	GCST006065	6:158555245	29891935	"Choquet H"
rs1153606-A	3E-8	-	NR	1.1	-	1.06-1.14	RARB	"Glaucoma (primary open-angle)"	"open-angle glaucoma"	-	GCST006065	3:25532695	29891935	"Choquet H"
rs9853115-T	2E-13	-	NR	1.1	-	1.08-1.13	DGKG,LINC02020	"Glaucoma (primary open-angle)"	"open-angle glaucoma"	-	GCST006065	3:186413811	29891935	"Choquet H"
rs2627761-C	6E-10	-	NR	1.11	-	1.07-1.15	PNPT1,EFEMP1	"Glaucoma (primary open-angle)"	"open-angle glaucoma"	-	GCST006065	2:55705879	29891935	"Choquet H"
rs9883252-T	6E-14	-	NR	1.11	-	1.08-1.14	CADM2	"Glaucoma (primary open-angle)"	"open-angle glaucoma"	-	GCST006065	3:85089667	29891935	"Choquet H"
rs9392348-G	2E-10	-	NR	1.11	-	1.08-1.15	GMDS	"Glaucoma (primary open-angle)"	"open-angle glaucoma"	-	GCST006065	6:1989370	29891935	"Choquet H"
rs76325372-A	7E-13	-	NR	1.12	-	1.08-1.15	ANKH	"Glaucoma (primary open-angle)"	"open-angle glaucoma"	-	GCST006065	5:14837223	29891935	"Choquet H"
rs3757155-C	1E-14	-	NR	1.12	-	1.09-1.15	PDE7B,PDE7B-AS1	"Glaucoma (primary open-angle)"	"open-angle glaucoma"	-	GCST006065	6:136137455	29891935	"Choquet H"
rs17752199-A	5E-9	-	NR	1.14	-	1.09-1.19	RPS15AP20,PKHD1	"Glaucoma (primary open-angle)"	"open-angle glaucoma"	-	GCST006065	6:51542050	29891935	"Choquet H"
rs3012455-A	9E-9	-	NR	1.14	-	1.09-1.20	LINC00574,RPL12P23	"Glaucoma (primary open-angle)"	"open-angle glaucoma"	-	GCST006065	6:170132792	29891935	"Choquet H"
rs73162480-G	2E-8	-	NR	1.15	-	1.09-1.20	LINC01214	"Glaucoma (primary open-angle)"	"open-angle glaucoma"	-	GCST006065	3:150345667	29891935	"Choquet H"
rs56335522-G	2E-13	-	NR	1.19	-	1.13-1.24	PCED1CP,MIR4776-2	"Glaucoma (primary open-angle)"	"open-angle glaucoma"	-	GCST006065	2:212893510	29891935	"Choquet H"
rs2814471-C	2E-62	-	NR	1.37	-	1.32-1.42	TMCO1,TMCO1-AS1	"Glaucoma (primary open-angle)"	"open-angle glaucoma"	-	GCST006065	1:165770361	29891935	"Choquet H"
rs944801-C	2E-49	-	NR	1.2345679	-	[1.2-1.27]	CDKN2B-AS1	"Glaucoma (primary open-angle)"	"open-angle glaucoma"	-	GCST006065	9:22051671	29891935	"Choquet H"
rs62521287-T	8E-9	-	NR	1.1627907	-	[1.11-1.23]	FBXO32	"Glaucoma (primary open-angle)"	"open-angle glaucoma"	-	GCST006065	8:123539893	29891935	"Choquet H"
rs2514882-T	7E-12	-	NR	1.1494253	-	[1.1-1.19]	ANGPT1	"Glaucoma (primary open-angle)"	"open-angle glaucoma"	-	GCST006065	8:107263553	29891935	"Choquet H"
rs1536907-G	1E-17	-	NR	1.1494253	-	[1.11-1.19]	LMX1B	"Glaucoma (primary open-angle)"	"open-angle glaucoma"	-	GCST006065	9:126620281	29891935	"Choquet H"
rs1647381-G	8E-9	-	NR	1.1111112	-	[1.08-1.15]	TCF12-DT,ZNF280D	"Glaucoma (primary open-angle)"	"open-angle glaucoma"	-	GCST006065	15:56794001	29891935	"Choquet H"
rs7126413-G	1E-11	-	NR	1.098901	-	[1.06-1.12]	ARHGEF12	"Glaucoma (primary open-angle)"	"open-angle glaucoma"	-	GCST006065	11:120336696	29891935	"Choquet H"
rs17075855-A	4E-8	-	NR	1.098901	-	[1.06-1.14]	LINC00540	"Glaucoma (primary open-angle)"	"open-angle glaucoma"	-	GCST006065	13:22094919	29891935	"Choquet H"
rs3789134-T	2E-9	-	NR	1.09	-	1.06-1.12	ACOXL	"Glaucoma (primary open-angle)"	"open-angle glaucoma"	-	GCST006065	2:110922578	29891935	"Choquet H"
rs62478245-T	3E-8	-	NR	1.2195122	-	[1.14-1.32]	PRKAG2,PRKAG2-AS2	"Glaucoma (primary open-angle)"	"open-angle glaucoma"	-	GCST006065	7:151808612	29891935	"Choquet H"
rs6857814-G	6E-27	-	NR	1.1627907	-	[1.12-1.19]	AFAP1	"Glaucoma (primary open-angle)"	"open-angle glaucoma"	-	GCST006065	4:7914813	29891935	"Choquet H"
rs72835984-T	2E-15	-	NR	1.1627907	-	[1.12-1.2]	EXOC2	"Glaucoma (primary open-angle)"	"open-angle glaucoma"	-	GCST006065	6:642017	29891935	"Choquet H"
rs6969706-T	4E-12	-	NR	1.1111112	-	[1.08-1.14]	CAV2,CAV1	"Glaucoma (primary open-angle)"	"open-angle glaucoma"	-	GCST006065	7:116514777	29891935	"Choquet H"
rs35155027-G	6E-13	-	NR	1.13	-	[1.10-1.17]	SALRNA1,C14orf39	"Glaucoma (primary open-angle)"	"open-angle glaucoma"	-	GCST006066	14:60628456	29891935	"Choquet H"
rs9913911-A	2E-17	-	NR	1.17	-	[1.13-1.21]	GAS7	"Glaucoma (primary open-angle)"	"open-angle glaucoma"	-	GCST006066	17:10127866	29891935	"Choquet H"
rs2745572-A	5E-7	-	NR	1.12	-	[1.07-1.18]	FOXCUT,ELF2P2	"Glaucoma (primary open-angle)"	"open-angle glaucoma"	-	GCST006066	6:1548134	29891935	"Choquet H"
rs5752774-T	2E-11	-	NR	1.098901	-	[1.08-1.14]	CHEK2	"Glaucoma (primary open-angle)"	"open-angle glaucoma"	-	GCST006065	22:28709622	29891935	"Choquet H"
rs10838692-C	9E-10	-	NR	1.0869565	-	[1.06-1.12]	MADD	"Glaucoma (primary open-angle)"	"open-angle glaucoma"	-	GCST006065	11:47323549	29891935	"Choquet H"
rs3891783-G	2E-8	-	NR	1.0752687	-	[1.05-1.11]	PLCE1	"Glaucoma (primary open-angle)"	"open-angle glaucoma"	-	GCST006065	10:94256036	29891935	"Choquet H"
rs9913911-A	2E-17	-	NR	1.17	-	1.13–1.21	GAS7	"Glaucoma (primary open-angle)"	"open-angle glaucoma"	-	GCST006067	17:10127866	29891935	"Choquet H"
rs58714937-C	8E-9	-	NR	1.15	-	1.10–1.21	GNB1L,TXNRD2	"Glaucoma (primary open-angle)"	"open-angle glaucoma"	-	GCST006067	22:19869187	29891935	"Choquet H"
rs6771736-G	5E-8	-	NR	1.0869565	-	[1.05-1.12]	LPP	"Glaucoma (primary open-angle)"	"open-angle glaucoma"	-	GCST006065	3:188348649	29891935	"Choquet H"
rs12309467-C	2E-9	-	NR	1.08	-	1.06-1.11	RPL6P25,SLC6A15	"Glaucoma (primary open-angle)"	"open-angle glaucoma"	-	GCST006065	12:83644699	29891935	"Choquet H"
rs34339006-T	2E-8	-	NR	1.0752687	-	[1.05-1.11]	DGKD	"Glaucoma (primary open-angle)"	"open-angle glaucoma"	-	GCST006065	2:233362876	29891935	"Choquet H"
rs993471-G	2E-8	-	NR	1.08	-	1.05-1.11	COL11A1	"Glaucoma (primary open-angle)"	"open-angle glaucoma"	-	GCST006065	1:102919817	29891935	"Choquet H"
rs255303-G	4E-8	-	NR	1.08	-	1.05-1.11	BNIP1	"Glaucoma (primary open-angle)"	"open-angle glaucoma"	-	GCST006065	5:173161024	29891935	"Choquet H"
rs116121322-A	1E-7	-	0.00046	17.79	-	[7.19–44.01]	LRRC27	"Glaucoma (primary open-angle)"	"open-angle glaucoma"	-	GCST010119	10:132347995	31937794	"Kim YW"
rs2487032-?	7E-14	-	0.52	1.35	-	[1.25-1.47]	ABCA1,CT70	"Glaucoma (high intraocular pressure)"	"open-angle glaucoma"	-	GCST002581	9:104941653	25173107	"Chen Y"
rs3785176-G	2E-7	-	0.23	1.28	-	[1.17-1.41]	PMM2	"Glaucoma (high intraocular pressure)"	"open-angle glaucoma"	-	GCST002581	16:8803074	25173107	"Chen Y"
rs2710323-T	5E-6	-	0.42	1.14	-	[NR]	ITIH1	"Glaucoma (primary open-angle)"	"open-angle glaucoma"	-	GCST002582	3:52781889	25173105	"Gharahkhani P"
rs4619890-G	7E-10	-	0.50	1.2	-	[NR]	AFAP1	"Glaucoma (primary open-angle)"	"open-angle glaucoma"	-	GCST002582	4:7851433	25173105	"Gharahkhani P"
rs11969985-G	8E-10	-	0.86	1.31	-	[NR]	GMDS	"Glaucoma (primary open-angle)"	"open-angle glaucoma"	-	GCST002582	6:1922673	25173105	"Gharahkhani P"
rs2472493-G	2E-19	-	0.44	1.31	-	[NR]	ABCA1,CT70	"Glaucoma (primary open-angle)"	"open-angle glaucoma"	-	GCST002582	9:104933567	25173105	"Gharahkhani P"
rs2276035-A	8E-6	-	0.16	1.18	-	[NR]	ARHGEF12	"Glaucoma (primary open-angle)"	"open-angle glaucoma"	-	GCST002582	11:120475651	25173105	"Gharahkhani P"
rs4236601-A	5E-7	-	NR	1.2	-	[1.12-1.28]	CAV1,CAV2	"Glaucoma (primary open-angle)"	"open-angle glaucoma"	-	GCST002582	7:116522675	25173105	"Gharahkhani P"
rs4656461-G	5E-13	-	NR	1.38	-	[1.30-1.46]	ALDH9A1,TMCO1	"Glaucoma (primary open-angle)"	"open-angle glaucoma"	-	GCST002582	1:165717968	25173105	"Gharahkhani P"
rs4977756-A	7E-30	-	NR	1.48	-	[1.42-1.54]	CDKN2B-AS1	"Glaucoma (primary open-angle)"	"open-angle glaucoma"	-	GCST002582	9:22068653	25173105	"Gharahkhani P"
rs10483727-T	2E-17	-	NR	1.32	-	[1.26-1.38]	C14orf39,SALRNA1	"Glaucoma (primary open-angle)"	"open-angle glaucoma"	-	GCST002582	14:60606157	25173105	"Gharahkhani P"
rs4918865-C	2E-6	-	NR	1.119	-	[1.08-1.16]	XRCC6P1,NIP7P1	"Glaucoma (primary open-angle)"	"open-angle glaucoma"	-	GCST005407	10:93183256	29449654	"Gharahkhani P"
rs56962872-G	3E-7	-	NR	1.14	-	[1.08-1.20]	LINC02052	"Glaucoma (primary open-angle)"	"open-angle glaucoma"	-	GCST005407	3:186482434	29449654	"Gharahkhani P"
rs6478746-G	9E-7	-	NR	1.14	-	[1.08-1.20]	LMX1B-DT	"Glaucoma (primary open-angle)"	"open-angle glaucoma"	-	GCST005407	9:126605119	29449654	"Gharahkhani P"
rs9530458-T	3E-9	-	NR	1.148	-	[1.11-1.19]	LMO7	"Glaucoma (primary open-angle)"	"open-angle glaucoma"	-	GCST005407	13:75675139	29449654	"Gharahkhani P"
rs944800-G	4E-14	"(Japanese discovery)"	0.85	1.33	-	[1.25-1.45]	CDKN2B-AS1	"Glaucoma (primary open-angle)"	"open-angle glaucoma"	-	GCST005388	9:22050899	29452408	"Shiga Y"
rs2472494-T	2E-9	"(Japanese discovery)"	0.58	1.19	-	[1.12-1.25]	ABCA1,CT70	"Glaucoma (primary open-angle)"	"open-angle glaucoma"	-	GCST005388	9:104933258	29452408	"Shiga Y"
rs6573307-G	2E-11	"(Japanese discovery)"	0.73	1.23	-	[1.16-1.30]	C14orf39,LINC02322	"Glaucoma (primary open-angle)"	"open-angle glaucoma"	-	GCST005388	14:60331291	29452408	"Shiga Y"
rs6855176-C	7E-6	"(Japanese discovery)"	0.43	1.12	-	[1.06-1.18]	SORCS2,AFAP1-AS1	"Glaucoma (primary open-angle)"	"open-angle glaucoma"	-	GCST005388	4:7751676	29452408	"Shiga Y"
rs7866783-?	4E-8	-	NR	1.34	-	[NR]	CDKN2B-AS1	"Glaucoma (primary open-angle)"	"open-angle glaucoma"	-	GCST003745	9:22056360	27623284	"Verma SS"
rs1320074-?	2E-6	-	NR	1.3	-	[NR]	AFAP1	"Glaucoma (primary open-angle)"	"open-angle glaucoma"	-	GCST003745	4:7902384	27623284	"Verma SS"
rs1192415-G	2E-8	-	NR	1.13	-	-	HSP90B3P,WDR82P2	"Glaucoma (primary open-angle)"	"open-angle glaucoma"	-	GCST008391	1:91611540	25861811	"Li Z"
rs7437940-?	4E-6	-	NR	1.1494253	-	-	AFAP1	"Glaucoma (primary open-angle)"	"open-angle glaucoma"	-	GCST008391	4:7885773	25861811	"Li Z"
rs2157719-?	3E-33	-	NR	1.4084507	-	-	CDKN2B-AS1	"Glaucoma (primary open-angle)"	"open-angle glaucoma"	-	GCST008391	9:22033367	25861811	"Li Z"
exm1332165-?	8E-6	-	NR	1.1111112	-	-	-	"Glaucoma (primary open-angle)"	"open-angle glaucoma"	-	GCST008391	-	25861811	"Li Z"
rs34957764-?	2E-24	-	NR	-	-	-	IL9RP4,ROCK1P1	"Primary open angle glaucoma"	"open-angle glaucoma"	-	GCST90455614	18:93327	38242088	"Verma SS"
rs1666698-?	1E-10	-	NR	-	-	-	SOCAR	"Primary open angle glaucoma"	"open-angle glaucoma"	-	GCST90455614	2:111570643	38242088	"Verma SS"
rs59892895-C	4E-13	-	NR	1.19	-	[1.14-1.25]	APBB2	"Glaucoma (primary open-angle)"	"open-angle glaucoma"	-	GCST009245	4:40995241	31688885	"Genetics of Glaucoma in People of African Descent (GGLAD) Consortium"
rs9475699-A	3E-6	-	0.21	1.04	-	[0.82-1.31]	RCC2P7,DST	"Glaucoma (primary open-angle)"	"open-angle glaucoma"	-	GCST007199	6:56437256	30317457	"Bonnemaijer PWM"
rs8034017-A	1E-9	-	NR	1.1394	-	[1.1-1.18]	LOXL1	"Glaucoma (primary open-angle)"	"open-angle glaucoma"	-	GCST011439	15:73929702	33627673	"Gharahkhani P"
rs9913911-A	5E-21	-	NR	1.16102	-	[1.13-1.19]	GAS7	"Glaucoma (primary open-angle)"	"open-angle glaucoma"	-	GCST011439	17:10127866	33627673	"Gharahkhani P"
rs34175429-T	9E-9	-	NR	1.14878	-	[1.1-1.2]	TXNRD2	"Glaucoma (primary open-angle)"	"open-angle glaucoma"	-	GCST011439	22:19879753	33627673	"Gharahkhani P"
rs5750495-A	4E-10	-	NR	0.904114	-	[0.87-0.94]	TRIOBP,H1-0	"Glaucoma (primary open-angle)"	"open-angle glaucoma"	-	GCST011439	22:37783113	33627673	"Gharahkhani P"
rs112142644-A	5E-7	-	NR	1.1474	-	[1.09-1.2]	C5orf67,LINC01948	"Glaucoma (primary open-angle)"	"open-angle glaucoma"	-	GCST011439	5:56487851	33627673	"Gharahkhani P"
rs34935520-A	2E-27	-	NR	0.839037	-	[0.81-0.87]	C14orf39,SALRNA1	"Glaucoma (primary open-angle)"	"open-angle glaucoma"	-	GCST011439	14:60624683	33627673	"Gharahkhani P"
rs4411113-T	6E-7	-	NR	0.917594	-	[0.88-0.95]	DDR2	"Glaucoma (primary open-angle)"	"open-angle glaucoma"	-	GCST011438	1:162698218	33627673	"Gharahkhani P"
rs1531093-C	8E-8	-	NR	0.912926	-	[0.88-0.95]	LYPLAL1-AS1	"Glaucoma (primary open-angle)"	"open-angle glaucoma"	-	GCST011438	1:219482496	33627673	"Gharahkhani P"
rs6434068-C	3E-8	-	NR	1.10296	-	[1.07-1.14]	FMNL2	"Glaucoma (primary open-angle)"	"open-angle glaucoma"	-	GCST011438	2:152501027	33627673	"Gharahkhani P"
rs4361323-A	3E-7	-	NR	0.923301	-	[0.89-0.95]	MECOM	"Glaucoma (primary open-angle)"	"open-angle glaucoma"	-	GCST011438	3:169521790	33627673	"Gharahkhani P"
rs56233426-A	4E-9	-	NR	1.09955	-	[1.07-1.13]	LINC02020,DGKG	"Glaucoma (primary open-angle)"	"open-angle glaucoma"	-	GCST011438	3:186411027	33627673	"Gharahkhani P"
rs2745572-A	1E-12	-	NR	1.12547	-	[1.09-1.16]	FOXCUT,ELF2P2	"Glaucoma (primary open-angle)"	"open-angle glaucoma"	-	GCST011438	6:1548134	33627673	"Gharahkhani P"
rs9394363-T	5E-7	-	NR	0.917502	-	[0.88-0.95]	SRSF3,STK38	"Glaucoma (primary open-angle)"	"open-angle glaucoma"	-	GCST011438	6:36591187	33627673	"Gharahkhani P"
rs2393455-A	2E-9	-	NR	0.908646	-	[0.88-0.94]	BICC1	"Glaucoma (primary open-angle)"	"open-angle glaucoma"	-	GCST011438	10:58615138	33627673	"Gharahkhani P"
rs7924522-A	1E-5	-	NR	1.08069	-	[1.05-1.12]	ETS1	"Glaucoma (primary open-angle)"	"open-angle glaucoma"	-	GCST011438	11:128510847	33627673	"Gharahkhani P"
rs111439095-A	5E-6	-	NR	0.923763	-	[0.89-0.96]	LMO7	"Glaucoma (primary open-angle)"	"open-angle glaucoma"	-	GCST011438	13:75680297	33627673	"Gharahkhani P"
rs2093210-T	2E-23	-	NR	0.847978	-	[0.82-0.88]	C14orf39	"Glaucoma (primary open-angle)"	"open-angle glaucoma"	-	GCST011438	14:60490561	33627673	"Gharahkhani P"
rs9913911-A	2E-19	-	NR	1.15696	-	[1.13-1.19]	GAS7	"Glaucoma (primary open-angle)"	"open-angle glaucoma"	-	GCST011438	17:10127866	33627673	"Gharahkhani P"
rs34175429-T	3E-9	-	NR	1.15754	-	[1.11-1.21]	TXNRD2	"Glaucoma (primary open-angle)"	"open-angle glaucoma"	-	GCST011438	22:19879753	33627673	"Gharahkhani P"
rs2790053-C	2E-29	-	NR	1.31364	-	[1.27-1.36]	TMCO1	"Glaucoma (primary open-angle)"	"open-angle glaucoma"	-	GCST011438	1:165768467	33627673	"Gharahkhani P"
2:84828363-CA	3E-9	-	NR	1.61381	-	[1.46-1.77]	-	"Glaucoma (primary open-angle)"	"open-angle glaucoma"	-	GCST011438	-	33627673	"Gharahkhani P"
rs62283811-T	1E-9	-	NR	1.18046	-	[1.13-1.23]	FNDC3B	"Glaucoma (primary open-angle)"	"open-angle glaucoma"	-	GCST011438	3:172103100	33627673	"Gharahkhani P"
rs1348518145-A	3E-7	-	NR	-	"0.0363 unit decrease"	-	KPNB1-DT,NPEPPS	"Glaucoma (primary open-angle)"	"open-angle glaucoma"	-	GCST90011770	17:47617877	33627673	"Gharahkhani P"
rs2326788-A	2E-14	-	NR	-	"0.0567 unit decrease"	-	CASC20	"Glaucoma (primary open-angle)"	"open-angle glaucoma"	-	GCST90011770	20:6489447	33627673	"Gharahkhani P"
rs6101546-T	8E-6	-	NR	-	"0.0317 unit increase"	-	HSPE1P1,RN7SL680P	"Glaucoma (primary open-angle)"	"open-angle glaucoma"	-	GCST90011770	20:39445575	33627673	"Gharahkhani P"
rs13049669-A	3E-7	-	NR	-	"0.0707 unit decrease"	-	APP,GABPA	"Glaucoma (primary open-angle)"	"open-angle glaucoma"	-	GCST90011770	21:25844528	33627673	"Gharahkhani P"
rs13050568-A	8E-7	-	NR	-	"0.0425 unit increase"	-	LINC02940	"Glaucoma (primary open-angle)"	"open-angle glaucoma"	-	GCST90011770	21:39034705	33627673	"Gharahkhani P"
rs8141610-T	3E-12	-	NR	-	"0.0711 unit decrease"	-	TXNRD2	"Glaucoma (primary open-angle)"	"open-angle glaucoma"	-	GCST90011770	22:19882624	33627673	"Gharahkhani P"
rs5752776-A	3E-25	-	NR	-	"0.0807 unit decrease"	-	CHEK2	"Glaucoma (primary open-angle)"	"open-angle glaucoma"	-	GCST90011770	22:28712241	33627673	"Gharahkhani P"
rs5750494-T	1E-18	-	NR	-	"0.064 unit increase"	-	TRIOBP,H1-0	"Glaucoma (primary open-angle)"	"open-angle glaucoma"	-	GCST90011770	22:37780972	33627673	"Gharahkhani P"
rs66819623-T	2E-10	-	NR	-	"0.0384 unit increase"	-	GPM6B	"Glaucoma (primary open-angle)"	"open-angle glaucoma"	-	GCST90011770	X:13936278	33627673	"Gharahkhani P"
rs17146835-T	6E-20	-	NR	-	"0.058 unit decrease"	-	EFHC2,RBM39P1	"Glaucoma (primary open-angle)"	"open-angle glaucoma"	-	GCST90011770	X:44081581	33627673	"Gharahkhani P"
rs62391632-T	1E-6	-	NR	0.848318	-	[0.78-0.91]	GMDS	"Glaucoma (high intraocular pressure)"	"open-angle glaucoma"	-	GCST011441	6:1957768	33627673	"Gharahkhani P"
rs4657476-T	9E-18	-	NR	0.692671	-	[0.61-0.78]	TMCO1	"Glaucoma (high intraocular pressure)"	"open-angle glaucoma"	-	GCST011441	1:165763424	33627673	"Gharahkhani P"
rs4478172-A	5E-11	-	NR	0.847216	-	[0.8-0.9]	AFAP1	"Glaucoma (high intraocular pressure)"	"open-angle glaucoma"	-	GCST011441	4:7900276	33627673	"Gharahkhani P"
rs16885547-A	1E-9	-	NR	1.26263	-	[1.19-1.34]	C5orf67,LINC01948	"Glaucoma (high intraocular pressure)"	"open-angle glaucoma"	-	GCST011441	5:56493389	33627673	"Gharahkhani P"
rs2745572-A	3E-13	-	NR	1.20406	-	[1.15-1.25]	FOXCUT,ELF2P2	"Glaucoma (high intraocular pressure)"	"open-angle glaucoma"	-	GCST011441	6:1548134	33627673	"Gharahkhani P"
rs34287996-T	7E-11	-	NR	0.801957	-	[0.74-0.87]	ANGPT1	"Glaucoma (high intraocular pressure)"	"open-angle glaucoma"	-	GCST011441	8:107271760	33627673	"Gharahkhani P"
rs7853090-T	8E-23	-	NR	0.760256	-	[0.71-0.81]	CDKN2B-AS1	"Glaucoma (high intraocular pressure)"	"open-angle glaucoma"	-	GCST011441	9:22056296	33627673	"Gharahkhani P"
rs2472494-T	7E-27	-	NR	1.29576	-	[1.25-1.34]	ABCA1,CT70	"Glaucoma (high intraocular pressure)"	"open-angle glaucoma"	-	GCST011441	9:104933258	33627673	"Gharahkhani P"
rs11792928-T	8E-9	-	NR	0.843159	-	[0.79-0.9]	LMX1B	"Glaucoma (high intraocular pressure)"	"open-angle glaucoma"	-	GCST011441	9:126639271	33627673	"Gharahkhani P"
rs72955481-C	3E-9	-	NR	0.808722	-	[0.74-0.88]	ME3	"Glaucoma (high intraocular pressure)"	"open-angle glaucoma"	-	GCST011441	11:86610676	33627673	"Gharahkhani P"
rs1812974-T	1E-9	-	NR	1.2019	-	[1.14-1.26]	ARHGEF12	"Glaucoma (high intraocular pressure)"	"open-angle glaucoma"	-	GCST011441	11:120350359	33627673	"Gharahkhani P"
rs2093210-T	5E-14	-	NR	0.822588	-	[0.77-0.87]	C14orf39	"Glaucoma (high intraocular pressure)"	"open-angle glaucoma"	-	GCST011441	14:60490561	33627673	"Gharahkhani P"
rs12150284-T	4E-16	-	NR	0.818976	-	[0.77-0.87]	GAS7	"Glaucoma (high intraocular pressure)"	"open-angle glaucoma"	-	GCST011441	17:10127773	33627673	"Gharahkhani P"
rs4141194-A	9E-15	-	NR	-	"0.0616 unit increase"	-	PLEKHA7	"Glaucoma (primary open-angle)"	"open-angle glaucoma"	-	GCST90011770	11:16989629	33627673	"Gharahkhani P"
rs7111873-A	7E-21	-	NR	-	"0.0736 unit increase"	-	RAPSN	"Glaucoma (primary open-angle)"	"open-angle glaucoma"	-	GCST90011770	11:47447887	33627673	"Gharahkhani P"
rs1346-A	4E-16	-	NR	-	"0.0762 unit increase"	-	ZNRD2-DT	"Glaucoma (primary open-angle)"	"open-angle glaucoma"	-	GCST90011770	11:65569780	33627673	"Gharahkhani P"
rs10792871-T	6E-21	-	NR	-	"0.119 unit increase"	-	ME3	"Glaucoma (primary open-angle)"	"open-angle glaucoma"	-	GCST90011770	11:86657064	33627673	"Gharahkhani P"
rs1893261-A	1E-24	-	NR	-	"0.0758 unit increase"	-	TLCD5	"Glaucoma (primary open-angle)"	"open-angle glaucoma"	-	GCST90011770	11:120327384	33627673	"Gharahkhani P"
rs7924522-A	2E-14	-	NR	-	"0.0569 unit increase"	-	ETS1	"Glaucoma (primary open-angle)"	"open-angle glaucoma"	-	GCST90011770	11:128510847	33627673	"Gharahkhani P"
rs2875238-T	1E-20	-	NR	-	"0.0712 unit decrease"	-	ZBTB44-DT,ADAMTS8	"Glaucoma (primary open-angle)"	"open-angle glaucoma"	-	GCST90011770	11:130412183	33627673	"Gharahkhani P"
rs7972874-A	1E-8	-	NR	-	"0.0471 unit decrease"	-	PTHLH,CCDC91	"Glaucoma (primary open-angle)"	"open-angle glaucoma"	-	GCST90011770	12:28050312	33627673	"Gharahkhani P"
rs324788-T	2E-32	-	NR	-	"0.0853 unit decrease"	-	RPL6P25,SLC6A15	"Glaucoma (primary open-angle)"	"open-angle glaucoma"	-	GCST90011770	12:83554276	33627673	"Gharahkhani P"
rs7137828-T	2E-9	-	NR	-	"0.043 unit increase"	-	ATXN2	"Glaucoma (primary open-angle)"	"open-angle glaucoma"	-	GCST90011770	12:111494996	33627673	"Gharahkhani P"
rs4769194-A	3E-13	-	NR	-	"0.0672 unit increase"	-	LINC00540	"Glaucoma (primary open-angle)"	"open-angle glaucoma"	-	GCST90011770	13:22099731	33627673	"Gharahkhani P"
rs9530143-A	3E-7	-	NR	-	"0.0392 unit decrease"	-	KLF5	"Glaucoma (primary open-angle)"	"open-angle glaucoma"	-	GCST90011770	13:73065233	33627673	"Gharahkhani P"
rs9544024-A	3E-16	-	NR	-	"0.0579 unit decrease"	-	LMO7	"Glaucoma (primary open-angle)"	"open-angle glaucoma"	-	GCST90011770	13:75684584	33627673	"Gharahkhani P"
rs33912345-A	3E-54	-	NR	-	"0.113 unit decrease"	-	SIX6,C14orf39	"Glaucoma (primary open-angle)"	"open-angle glaucoma"	-	GCST90011770	14:60509819	33627673	"Gharahkhani P"
rs754458-A	2E-13	-	NR	-	"0.0522 unit increase"	-	LTBP2,AREL1	"Glaucoma (primary open-angle)"	"open-angle glaucoma"	-	GCST90011770	14:74618126	33627673	"Gharahkhani P"
rs2431023-A	1E-12	-	NR	-	"0.0513 unit increase"	-	TCF12	"Glaucoma (primary open-angle)"	"open-angle glaucoma"	-	GCST90011770	15:57261634	33627673	"Gharahkhani P"
rs12438742-C	3E-15	-	NR	-	"0.0566 unit decrease"	-	RORA,LINC02349	"Glaucoma (primary open-angle)"	"open-angle glaucoma"	-	GCST90011770	15:61655081	33627673	"Gharahkhani P"
rs2439386-T	3E-6	-	NR	-	"0.0367 unit decrease"	-	SMAD6	"Glaucoma (primary open-angle)"	"open-angle glaucoma"	-	GCST90011770	15:66733065	33627673	"Gharahkhani P"
rs1550437-T	4E-13	-	NR	-	"0.0679 unit decrease"	-	LOXL1	"Glaucoma (primary open-angle)"	"open-angle glaucoma"	-	GCST90011770	15:73928957	33627673	"Gharahkhani P"
rs114367221-T	2E-7	-	NR	-	"0.0674 unit increase"	-	HNRNPA1L3	"Glaucoma (primary open-angle)"	"open-angle glaucoma"	-	GCST90011770	16:51568037	33627673	"Gharahkhani P"
rs12447201-T	4E-10	-	NR	-	"0.0468 unit decrease"	-	CDH11	"Glaucoma (primary open-angle)"	"open-angle glaucoma"	-	GCST90011770	16:65033540	33627673	"Gharahkhani P"
rs280875-T	7E-13	-	NR	-	"0.0905 unit decrease"	-	NUDT7,LINC02131	"Glaucoma (primary open-angle)"	"open-angle glaucoma"	-	GCST90011770	16:77627835	33627673	"Gharahkhani P"
rs216197-A	3E-12	-	NR	-	"0.0526 unit decrease"	-	SMG6	"Glaucoma (primary open-angle)"	"open-angle glaucoma"	-	GCST90011770	17:2298650	33627673	"Gharahkhani P"
rs9913911-A	2E-73	-	NR	-	"0.137 unit increase"	-	GAS7	"Glaucoma (primary open-angle)"	"open-angle glaucoma"	-	GCST90011770	17:10127866	33627673	"Gharahkhani P"
rs242559-A	4E-7	-	NR	-	"0.0422 unit decrease"	-	MAPT	"Glaucoma (primary open-angle)"	"open-angle glaucoma"	-	GCST90011770	17:45948522	33627673	"Gharahkhani P"
rs12641498-T	2E-13	-	NR	1.12862	-	[1.1-1.16]	AFAP1	"Glaucoma (primary open-angle)"	"open-angle glaucoma"	-	GCST011438	4:7915847	33627673	"Gharahkhani P"
rs112142644-A	7E-9	-	NR	1.17563	-	[1.12-1.23]	C5orf67,LINC01948	"Glaucoma (primary open-angle)"	"open-angle glaucoma"	-	GCST011438	5:56487851	33627673	"Gharahkhani P"
rs2491422-T	3E-13	-	NR	0.821766	-	[0.77-0.87]	PKHD1,RPS15AP20	"Glaucoma (primary open-angle)"	"open-angle glaucoma"	-	GCST011438	6:51568801	33627673	"Gharahkhani P"
rs4612174-T	4E-9	-	NR	1.10087	-	[1.07-1.13]	PDE7B,PDE7B-AS1	"Glaucoma (primary open-angle)"	"open-angle glaucoma"	-	GCST011438	6:136141606	33627673	"Gharahkhani P"
rs36039219-A	3E-8	-	NR	1.09911	-	[1.07-1.13]	THSD7A	"Glaucoma (primary open-angle)"	"open-angle glaucoma"	-	GCST011438	7:11664911	33627673	"Gharahkhani P"
rs2024211-A	1E-12	-	NR	0.86988	-	[0.83-0.91]	CAV2,CAV1	"Glaucoma (primary open-angle)"	"open-angle glaucoma"	-	GCST011438	7:116512971	33627673	"Gharahkhani P"
rs4133395-T	2E-8	-	NR	0.904928	-	[0.87-0.94]	ANGPT1	"Glaucoma (primary open-angle)"	"open-angle glaucoma"	-	GCST011438	8:107302743	33627673	"Gharahkhani P"
rs944801-C	5E-50	-	NR	1.28763	-	[1.25-1.32]	CDKN2B-AS1	"Glaucoma (primary open-angle)"	"open-angle glaucoma"	-	GCST011438	9:22051671	33627673	"Gharahkhani P"
rs2472494-T	2E-28	-	NR	1.19268	-	[1.16-1.22]	ABCA1,CT70	"Glaucoma (primary open-angle)"	"open-angle glaucoma"	-	GCST011438	9:104933258	33627673	"Gharahkhani P"
rs7872097-T	2E-13	-	NR	1.12975	-	[1.1-1.16]	LMX1B-DT,MVB12B	"Glaucoma (primary open-angle)"	"open-angle glaucoma"	-	GCST011438	9:126579342	33627673	"Gharahkhani P"
rs574982531-A	2E-8	-	NR	0.879765	-	[0.83-0.92]	OR5B19P,OR5BC1P	"Glaucoma (primary open-angle)"	"open-angle glaucoma"	-	GCST011438	11:58320641	33627673	"Gharahkhani P"
rs7126413-A	3E-13	-	NR	0.888607	-	[0.86-0.92]	ARHGEF12	"Glaucoma (primary open-angle)"	"open-angle glaucoma"	-	GCST011438	11:120336696	33627673	"Gharahkhani P"
rs34935520-A	7E-24	-	NR	0.846623	-	[0.81-0.88]	C14orf39,SALRNA1	"Glaucoma (primary open-angle)"	"open-angle glaucoma"	-	GCST011438	14:60624683	33627673	"Gharahkhani P"
rs1550437-T	2E-8	-	NR	0.893865	-	[0.86-0.93]	LOXL1	"Glaucoma (primary open-angle)"	"open-angle glaucoma"	-	GCST011438	15:73928957	33627673	"Gharahkhani P"
rs6124885-A	1E-8	-	NR	0.860106	-	[0.81-0.91]	EYA2	"Glaucoma (primary open-angle)"	"open-angle glaucoma"	-	GCST011438	20:46905414	33627673	"Gharahkhani P"
rs5750494-T	1E-8	-	NR	1.09571	-	[1.06-1.13]	TRIOBP,H1-0	"Glaucoma (primary open-angle)"	"open-angle glaucoma"	-	GCST011438	22:37780972	33627673	"Gharahkhani P"
rs33912345-A	3E-18	-	NR	0.805735	-	[0.76-0.85]	SIX6,C14orf39	"Glaucoma (primary open-angle)"	"open-angle glaucoma"	-	GCST90011768	14:60509819	33627673	"Gharahkhani P"
rs74315329-A	5E-33	-	NR	8.24082	-	[7.9-8.59]	MYOCOS,MYOC	"Glaucoma (primary open-angle)"	"open-angle glaucoma"	-	GCST90011766	1:171636338	33627673	"Gharahkhani P"
rs2946370-T	1E-8	-	NR	1.131	-	[1.09-1.17]	MIR4778,LINC01873	"Glaucoma (primary open-angle)"	"open-angle glaucoma"	-	GCST90011768	2:66365279	33627673	"Gharahkhani P"
rs9819278-A	2E-14	-	NR	0.90538	-	[0.88-0.93]	CADM2	"Glaucoma (primary open-angle)"	"open-angle glaucoma"	-	GCST90011766	3:85095199	33627673	"Gharahkhani P"
rs12664587-A	1E-9	-	NR	1.16358	-	[1.11-1.21]	GMDS	"Glaucoma (primary open-angle)"	"open-angle glaucoma"	-	GCST90011768	6:1948469	33627673	"Gharahkhani P"
rs6845653-T	7E-40	-	NR	0.837277	-	[0.81-0.86]	AFAP1	"Glaucoma (primary open-angle)"	"open-angle glaucoma"	-	GCST90011766	4:7897652	33627673	"Gharahkhani P"
rs3829849-T	6E-9	-	NR	0.840381	-	[0.78-0.9]	LMX1B	"Glaucoma (primary open-angle)"	"open-angle glaucoma"	-	GCST90011768	9:126628521	33627673	"Gharahkhani P"
rs61870251-A	2E-10	-	NR	0.865455	-	[0.82-0.91]	LHPP	"Glaucoma (primary open-angle)"	"open-angle glaucoma"	-	GCST90011768	10:124595846	33627673	"Gharahkhani P"
rs4303192-T	9E-9	-	NR	1.13122	-	[1.09-1.17]	AGBL2	"Glaucoma (primary open-angle)"	"open-angle glaucoma"	-	GCST90011768	11:47707372	33627673	"Gharahkhani P"
rs2514885-T	3E-10	-	NR	1.13655	-	[1.1-1.18]	ANGPT1	"Glaucoma (primary open-angle)"	"open-angle glaucoma"	-	GCST90011766	8:107264902	33627673	"Gharahkhani P"
chr15:74221210-G	7E-11	-	NR	1.14683	-	[1.11-1.19]	-	"Glaucoma (primary open-angle)"	"open-angle glaucoma"	-	GCST90011768	-	33627673	"Gharahkhani P"
rs172531-A	5E-6	-	NR	0.871709	-	[0.81-0.93]	RERE	"Glaucoma (primary open-angle)"	"open-angle glaucoma"	-	GCST90011768	1:8435530	33627673	"Gharahkhani P"
rs941125-T	8E-7	-	NR	1.10329	-	[1.06-1.14]	GLIS1	"Glaucoma (primary open-angle)"	"open-angle glaucoma"	-	GCST90011768	1:53658200	33627673	"Gharahkhani P"
rs1106287-T	3E-6	-	NR	0.910192	-	[0.87-0.95]	MOV10	"Glaucoma (primary open-angle)"	"open-angle glaucoma"	-	GCST90011768	1:112699500	33627673	"Gharahkhani P"
rs7344-T	8E-8	-	NR	0.899245	-	[0.86-0.94]	SRSF3	"Glaucoma (primary open-angle)"	"open-angle glaucoma"	-	GCST90011768	6:36602589	33627673	"Gharahkhani P"
rs8176749-T	7E-7	-	NR	1.13451	-	[1.08-1.18]	ABO	"Glaucoma (primary open-angle)"	"open-angle glaucoma"	-	GCST90011768	9:133255801	33627673	"Gharahkhani P"
rs67499600-A	4E-8	-	NR	0.925982	-	[0.9-0.95]	RBM39P1,EFHC2	"Glaucoma (primary open-angle)"	"open-angle glaucoma"	-	GCST90011766	X:44087375	33627673	"Gharahkhani P"
rs200621439-A	5E-7	-	NR	0.86269	-	[0.81-0.92]	MIR4776-2,PCED1CP	"Glaucoma (primary open-angle)"	"open-angle glaucoma"	-	GCST90011766	2:212896023	33627673	"Gharahkhani P"
rs6787621-T	9E-6	-	NR	0.936505	-	[0.91-0.97]	LPP	"Glaucoma (primary open-angle)"	"open-angle glaucoma"	-	GCST90011766	3:188349165	33627673	"Gharahkhani P"
rs5752776-A	9E-7	-	NR	0.93342	-	[0.91-0.96]	CHEK2	"Glaucoma (primary open-angle)"	"open-angle glaucoma"	-	GCST90011766	22:28712241	33627673	"Gharahkhani P"
rs12013156-A	4E-7	-	NR	0.927929	-	[0.9-0.96]	M6PRP1,CRIPTO3	"Glaucoma (primary open-angle)"	"open-angle glaucoma"	-	GCST90011766	X:110542882	33627673	"Gharahkhani P"
rs62283809-T	4E-6	-	NR	0.896282	-	[0.85-0.94]	FNDC3B	"Glaucoma (primary open-angle)"	"open-angle glaucoma"	-	GCST90011768	3:172102421	33627673	"Gharahkhani P"
rs2472494-T	1E-19	-	NR	1.20334	-	[1.16-1.24]	ABCA1,CT70	"Glaucoma (primary open-angle)"	"open-angle glaucoma"	-	GCST90011768	9:104933258	33627673	"Gharahkhani P"
rs7111873-A	4E-7	-	NR	1.10572	-	[1.07-1.14]	RAPSN	"Glaucoma (primary open-angle)"	"open-angle glaucoma"	-	GCST90011768	11:47447887	33627673	"Gharahkhani P"
rs2326788-A	4E-7	-	NR	0.891723	-	[0.85-0.94]	CASC20	"Glaucoma (primary open-angle)"	"open-angle glaucoma"	-	GCST90011768	20:6489447	33627673	"Gharahkhani P"
rs4612174-T	2E-29	-	NR	-	"0.0835 unit increase"	-	PDE7B,PDE7B-AS1	"Glaucoma (primary open-angle)"	"open-angle glaucoma"	-	GCST90011770	6:136141606	33627673	"Gharahkhani P"
rs2935057-A	1E-6	-	NR	-	"0.0521 unit increase"	-	LINC00574,RPL12P23	"Glaucoma (primary open-angle)"	"open-angle glaucoma"	-	GCST90011770	6:170139691	33627673	"Gharahkhani P"
rs941125-T	6E-8	-	NR	-	"0.0397 unit increase"	-	GLIS1	"Glaucoma (primary open-angle)"	"open-angle glaucoma"	-	GCST90011770	1:53658200	33627673	"Gharahkhani P"
rs4076000-A	2E-7	-	NR	-	"0.0381 unit increase"	-	COX6B1P7,ELOCP18	"Glaucoma (primary open-angle)"	"open-angle glaucoma"	-	GCST90011770	1:68371486	33627673	"Gharahkhani P"
rs12139208-T	7E-8	-	NR	-	"0.0394 unit increase"	-	PKN2-AS1	"Glaucoma (primary open-angle)"	"open-angle glaucoma"	-	GCST90011770	1:87747331	33627673	"Gharahkhani P"
rs1192415-A	1E-29	-	NR	-	"0.101 unit decrease"	-	HSP90B3P,WDR82P2	"Glaucoma (primary open-angle)"	"open-angle glaucoma"	-	GCST90011770	1:91611540	33627673	"Gharahkhani P"
rs12566440-A	2E-18	-	NR	-	"0.0638 unit decrease"	-	LINC01349	"Glaucoma (primary open-angle)"	"open-angle glaucoma"	-	GCST90011770	1:100629646	33627673	"Gharahkhani P"
rs2790053-C	2E-122	-	NR	-	"0.245 unit increase"	-	TMCO1	"Glaucoma (primary open-angle)"	"open-angle glaucoma"	-	GCST90011770	1:165768467	33627673	"Gharahkhani P"
rs74315329-A	1E-42	-	NR	-	"1.1 unit increase"	-	MYOCOS,MYOC	"Glaucoma (primary open-angle)"	"open-angle glaucoma"	-	GCST90011770	1:171636338	33627673	"Gharahkhani P"
rs6667536-A	2E-17	-	NR	-	"0.125 unit decrease"	-	LYPLAL1-DT	"Glaucoma (primary open-angle)"	"open-angle glaucoma"	-	GCST90011770	1:219041795	33627673	"Gharahkhani P"
rs61751937-C	4E-8	-	NR	-	"0.122 unit increase"	-	SVEP1	"Glaucoma (primary open-angle)"	"open-angle glaucoma"	-	GCST90011770	9:110549951	33627673	"Gharahkhani P"
rs1286770-T	6E-10	-	NR	-	"0.0669 unit decrease"	-	RARB	"Glaucoma (primary open-angle)"	"open-angle glaucoma"	-	GCST90011770	3:25540307	33627673	"Gharahkhani P"
rs1500708-T	2E-6	-	NR	-	"0.0401 unit decrease"	-	ARHGEF3	"Glaucoma (primary open-angle)"	"open-angle glaucoma"	-	GCST90011770	3:56842568	33627673	"Gharahkhani P"
rs6437582-A	8E-13	-	NR	-	"0.0529 unit decrease"	-	EZRP1,ALCAM	"Glaucoma (primary open-angle)"	"open-angle glaucoma"	-	GCST90011770	3:105354628	33627673	"Gharahkhani P"
rs11710845-T	4E-12	-	NR	-	"0.0586 unit decrease"	-	LINC01214	"Glaucoma (primary open-angle)"	"open-angle glaucoma"	-	GCST90011770	3:150347493	33627673	"Gharahkhani P"
rs56233426-A	7E-29	-	NR	-	"0.0811 unit increase"	-	LINC02020,DGKG	"Glaucoma (primary open-angle)"	"open-angle glaucoma"	-	GCST90011770	3:186411027	33627673	"Gharahkhani P"
rs6787621-T	6E-17	-	NR	-	"0.0685 unit decrease"	-	LPP	"Glaucoma (primary open-angle)"	"open-angle glaucoma"	-	GCST90011770	3:188349165	33627673	"Gharahkhani P"
rs2790049-A	1E-62	-	NR	1.35649	-	[1.32-1.39]	TMCO1,TMCO1-AS1	"Glaucoma (primary open-angle)"	"open-angle glaucoma"	-	GCST90011766	1:165774286	33627673	"Gharahkhani P"
rs9913911-A	1E-6	-	NR	1.10241	-	[1.06-1.14]	GAS7	"Glaucoma (primary open-angle)"	"open-angle glaucoma"	-	GCST90011768	17:10127866	33627673	"Gharahkhani P"
rs2627761-T	4E-9	-	NR	0.907738	-	[0.88-0.94]	PNPT1,EFEMP1	"Glaucoma (primary open-angle)"	"open-angle glaucoma"	-	GCST90011766	2:55705879	33627673	"Gharahkhani P"
rs61275591-A	6E-14	-	NR	1.17727	-	[1.13-1.22]	LINC01948	"Glaucoma (primary open-angle)"	"open-angle glaucoma"	-	GCST90011768	5:56479729	33627673	"Gharahkhani P"
rs56233426-A	4E-19	-	NR	1.12288	-	[1.1-1.15]	LINC02020,DGKG	"Glaucoma (primary open-angle)"	"open-angle glaucoma"	-	GCST90011766	3:186411027	33627673	"Gharahkhani P"
rs1412829-A	1E-27	-	NR	1.39445	-	[1.33-1.45]	CDKN2B-AS1	"Glaucoma (primary open-angle)"	"open-angle glaucoma"	-	GCST90011768	9:22043927	33627673	"Gharahkhani P"
rs17135357-A	1E-11	-	NR	0.884441	-	[0.85-0.92]	EXOC2	"Glaucoma (primary open-angle)"	"open-angle glaucoma"	-	GCST90011766	6:602983	33627673	"Gharahkhani P"
rs2745572-A	9E-20	-	NR	1.13406	-	[1.11-1.16]	FOXCUT,ELF2P2	"Glaucoma (primary open-angle)"	"open-angle glaucoma"	-	GCST90011766	6:1548134	33627673	"Gharahkhani P"
rs12540035-A	3E-16	-	NR	1.12479	-	[1.1-1.15]	CAV1,CAV2	"Glaucoma (primary open-angle)"	"open-angle glaucoma"	-	GCST90011766	7:116519472	33627673	"Gharahkhani P"
rs10230941-C	9E-9	-	NR	0.92626	-	[0.9-0.95]	CTTNBP2,LSM8	"Glaucoma (primary open-angle)"	"open-angle glaucoma"	-	GCST90011766	7:117996057	33627673	"Gharahkhani P"
rs1254276-T	1E-18	-	NR	1.24508	-	[1.2-1.29]	C14orf39,LINC02322	"Glaucoma (primary open-angle)"	"open-angle glaucoma"	-	GCST90011768	14:60380283	33627673	"Gharahkhani P"
rs6475604-T	1E-91	-	NR	0.764449	-	[0.74-0.79]	CDKN2B-AS1	"Glaucoma (primary open-angle)"	"open-angle glaucoma"	-	GCST90011766	9:22052735	33627673	"Gharahkhani P"
rs2472494-T	2E-48	-	NR	1.20852	-	[1.18-1.23]	ABCA1,CT70	"Glaucoma (primary open-angle)"	"open-angle glaucoma"	-	GCST90011766	9:104933258	33627673	"Gharahkhani P"
rs1336980-C	9E-19	-	NR	0.884087	-	[0.86-0.91]	LMX1B	"Glaucoma (primary open-angle)"	"open-angle glaucoma"	-	GCST90011766	9:126615576	33627673	"Gharahkhani P"
rs58073046-A	4E-19	-	NR	0.84139	-	[0.8-0.88]	ARHGEF12	"Glaucoma (primary open-angle)"	"open-angle glaucoma"	-	GCST90011766	11:120377784	33627673	"Gharahkhani P"
rs33912345-A	4E-39	-	NR	0.841895	-	[0.82-0.87]	SIX6,C14orf39	"Glaucoma (primary open-angle)"	"open-angle glaucoma"	-	GCST90011766	14:60509819	33627673	"Gharahkhani P"
rs9913911-A	6E-33	-	NR	1.17433	-	[1.15-1.2]	GAS7	"Glaucoma (primary open-angle)"	"open-angle glaucoma"	-	GCST90011766	17:10127866	33627673	"Gharahkhani P"
rs1139795-T	2E-13	-	NR	0.866321	-	[0.83-0.9]	TXNRD2	"Glaucoma (primary open-angle)"	"open-angle glaucoma"	-	GCST90011766	22:19880248	33627673	"Gharahkhani P"
rs4141194-A	1E-6	-	NR	1.10329	-	[1.06-1.14]	PLEKHA7	"Glaucoma (primary open-angle)"	"open-angle glaucoma"	-	GCST90011768	11:16989629	33627673	"Gharahkhani P"
rs12699251-A	5E-12	-	NR	-	"0.0507 unit decrease"	-	THSD7A	"Glaucoma (primary open-angle)"	"open-angle glaucoma"	-	GCST90011770	7:11639486	33627673	"Gharahkhani P"
rs6957752-T	1E-6	-	NR	-	"0.0371 unit increase"	-	SEPTIN7,RNU6-1085P	"Glaucoma (primary open-angle)"	"open-angle glaucoma"	-	GCST90011770	7:35921527	33627673	"Gharahkhani P"
rs10248136-T	6E-11	-	NR	-	"0.0466 unit increase"	-	POU6F2	"Glaucoma (primary open-angle)"	"open-angle glaucoma"	-	GCST90011770	7:39037797	33627673	"Gharahkhani P"
rs10908363-T	1E-6	-	NR	-	"0.0343 unit increase"	-	RSPO1,GNL2	"Glaucoma (primary open-angle)"	"open-angle glaucoma"	-	GCST90011770	1:37611020	33627673	"Gharahkhani P"
rs2627761-T	3E-8	-	NR	-	"0.0514 unit decrease"	-	PNPT1,EFEMP1	"Glaucoma (primary open-angle)"	"open-angle glaucoma"	-	GCST90011770	2:55705879	33627673	"Gharahkhani P"
rs4414666-T	4E-16	-	NR	-	"0.0598 unit decrease"	-	LINC02934,MIR4778	"Glaucoma (primary open-angle)"	"open-angle glaucoma"	-	GCST90011770	2:66310212	33627673	"Gharahkhani P"
rs2514879-T	6E-16	-	NR	-	"0.0926 unit decrease"	-	ANGPT1	"Glaucoma (primary open-angle)"	"open-angle glaucoma"	-	GCST90011770	8:107261090	33627673	"Gharahkhani P"
rs62521288-A	4E-22	-	NR	-	"0.139 unit decrease"	-	FBXO32,RN7SKP155	"Glaucoma (primary open-angle)"	"open-angle glaucoma"	-	GCST90011770	8:123542077	33627673	"Gharahkhani P"
rs944801-C	3E-90	-	NR	-	"0.146 unit increase"	-	CDKN2B-AS1	"Glaucoma (primary open-angle)"	"open-angle glaucoma"	-	GCST90011770	9:22051671	33627673	"Gharahkhani P"
rs2472494-T	2E-69	-	NR	-	"0.126 unit increase"	-	ABCA1,CT70	"Glaucoma (primary open-angle)"	"open-angle glaucoma"	-	GCST90011770	9:104933258	33627673	"Gharahkhani P"
rs3829849-T	1E-25	-	NR	-	"0.0778 unit decrease"	-	LMX1B	"Glaucoma (primary open-angle)"	"open-angle glaucoma"	-	GCST90011770	9:126628521	33627673	"Gharahkhani P"
rs8176749-T	2E-8	-	NR	-	"0.0739 unit increase"	-	ABO	"Glaucoma (primary open-angle)"	"open-angle glaucoma"	-	GCST90011770	9:133255801	33627673	"Gharahkhani P"
rs6602453-A	7E-9	-	NR	-	"0.0431 unit increase"	-	CELF2	"Glaucoma (primary open-angle)"	"open-angle glaucoma"	-	GCST90011770	10:10798886	33627673	"Gharahkhani P"
rs1658436-A	1E-16	-	NR	-	"0.0589 unit decrease"	-	BICC1	"Glaucoma (primary open-angle)"	"open-angle glaucoma"	-	GCST90011770	10:58567150	33627673	"Gharahkhani P"
rs10882167-T	1E-9	-	NR	-	"0.0436 unit increase"	-	NIP7P1,XRCC6P1	"Glaucoma (primary open-angle)"	"open-angle glaucoma"	-	GCST90011770	10:93169359	33627673	"Gharahkhani P"
rs17527016-T	6E-10	-	NR	-	"0.0585 unit decrease"	-	RNU6-289P,LYPLA1P2	"Glaucoma (primary open-angle)"	"open-angle glaucoma"	-	GCST90011770	4:111042563	33627673	"Gharahkhani P"
rs31916-A	8E-19	-	NR	-	"0.0701 unit increase"	-	ANKH	"Glaucoma (primary open-angle)"	"open-angle glaucoma"	-	GCST90011770	5:14814774	33627673	"Gharahkhani P"
rs2745572-A	1E-40	-	NR	-	"0.102 unit increase"	-	FOXCUT,ELF2P2	"Glaucoma (primary open-angle)"	"open-angle glaucoma"	-	GCST90011770	6:1548134	33627673	"Gharahkhani P"
rs407238-C	4E-6	-	NR	-	"0.0336 unit decrease"	-	POLR1HASP,HLA-G	"Glaucoma (primary open-angle)"	"open-angle glaucoma"	-	GCST90011770	6:29839124	33627673	"Gharahkhani P"
rs7344-T	2E-12	-	NR	-	"0.0599 unit decrease"	-	SRSF3	"Glaucoma (primary open-angle)"	"open-angle glaucoma"	-	GCST90011770	6:36602589	33627673	"Gharahkhani P"
rs72904286-T	2E-24	-	NR	-	"0.12 unit decrease"	-	PKHD1,RPS15AP20	"Glaucoma (primary open-angle)"	"open-angle glaucoma"	-	GCST90011770	6:51550124	33627673	"Gharahkhani P"
rs13049669-A	7E-6	-	NR	0.890119	-	[0.84-0.94]	APP,GABPA	"Glaucoma (primary open-angle)"	"open-angle glaucoma"	-	GCST90011768	21:25844528	33627673	"Gharahkhani P"
rs5750494-T	8E-7	-	NR	1.10716	-	[1.07-1.15]	TRIOBP,H1-0	"Glaucoma (primary open-angle)"	"open-angle glaucoma"	-	GCST90011768	22:37780972	33627673	"Gharahkhani P"
rs16944405-A	3E-8	-	NR	0.796443	-	[0.72-0.88]	IQGAP1	"Glaucoma (primary open-angle)"	"open-angle glaucoma"	-	GCST90011769	15:90432285	33627673	"Gharahkhani P"
rs172531-A	6E-7	-	NR	-	"0.0379 unit decrease"	-	RERE	"Glaucoma (primary open-angle)"	"open-angle glaucoma"	-	GCST90011770	1:8435530	33627673	"Gharahkhani P"
rs4652902-A	5E-6	-	NR	-	"0.038 unit increase"	-	TRAPPC3	"Glaucoma (primary open-angle)"	"open-angle glaucoma"	-	GCST90011770	1:36147354	33627673	"Gharahkhani P"
rs59101260-G	1E-14	-	NR	-	"0.0606 unit increase"	-	SEMA3C,EIF4EP4	"Glaucoma (primary open-angle)"	"open-angle glaucoma"	-	GCST90011770	7:81216214	33627673	"Gharahkhani P"
rs10257125-A	2E-24	-	NR	-	"0.0795 unit decrease"	-	CAV1,CAV2	"Glaucoma (primary open-angle)"	"open-angle glaucoma"	-	GCST90011770	7:116522252	33627673	"Gharahkhani P"
rs10230941-C	8E-17	-	NR	-	"0.0614 unit decrease"	-	CTTNBP2,LSM8	"Glaucoma (primary open-angle)"	"open-angle glaucoma"	-	GCST90011770	7:117996057	33627673	"Gharahkhani P"
rs10237321-A	2E-6	-	NR	-	"0.0348 unit decrease"	-	CALD1	"Glaucoma (primary open-angle)"	"open-angle glaucoma"	-	GCST90011770	7:134835770	33627673	"Gharahkhani P"
rs35740987-CA	7E-10	-	NR	-	"0.0445 unit increase"	-	GTF2E2	"Glaucoma (primary open-angle)"	"open-angle glaucoma"	-	GCST90011770	8:30596693	33627673	"Gharahkhani P"
rs6732795-A	1E-8	-	NR	-	"0.0412 unit decrease"	-	ANTXR1	"Glaucoma (primary open-angle)"	"open-angle glaucoma"	-	GCST90011770	2:69184385	33627673	"Gharahkhani P"
rs1579050-A	3E-37	-	NR	-	"0.0917 unit decrease"	-	FMNL2	"Glaucoma (primary open-angle)"	"open-angle glaucoma"	-	GCST90011770	2:152508013	33627673	"Gharahkhani P"
rs200621439-A	2E-11	-	NR	-	"0.0749 unit decrease"	-	MIR4776-2,PCED1CP	"Glaucoma (primary open-angle)"	"open-angle glaucoma"	-	GCST90011770	2:212896023	33627673	"Gharahkhani P"
rs4361323-A	4E-6	-	NR	-	"0.0331 unit decrease"	-	MECOM	"Glaucoma (primary open-angle)"	"open-angle glaucoma"	-	GCST90011770	3:169521790	33627673	"Gharahkhani P"
rs938604-A	1E-49	-	NR	-	"0.107 unit decrease"	-	AFAP1	"Glaucoma (primary open-angle)"	"open-angle glaucoma"	-	GCST90011770	4:7902636	33627673	"Gharahkhani P"
rs10517281-A	3E-9	-	NR	-	"0.0536 unit increase"	-	SCFD2	"Glaucoma (primary open-angle)"	"open-angle glaucoma"	-	GCST90011770	4:53161428	33627673	"Gharahkhani P"
rs57400569-A	2E-8	-	NR	-	"0.0479 unit decrease"	-	FAM13A	"Glaucoma (primary open-angle)"	"open-angle glaucoma"	-	GCST90011770	4:88831125	33627673	"Gharahkhani P"
rs57866767-T	6E-19	-	NR	-	"0.0633 unit decrease"	-	PLCE1	"Glaucoma (primary open-angle)"	"open-angle glaucoma"	-	GCST90011770	10:94263320	33627673	"Gharahkhani P"
rs4411113-T	7E-9	-	NR	0.907556	-	[0.87-0.94]	DDR2	"Glaucoma (primary open-angle)"	"open-angle glaucoma"	-	GCST011439	1:162698218	33627673	"Gharahkhani P"
rs4657476-T	2E-32	-	NR	0.755935	-	[0.71-0.8]	TMCO1	"Glaucoma (primary open-angle)"	"open-angle glaucoma"	-	GCST011439	1:165763424	33627673	"Gharahkhani P"
rs1531093-C	1E-8	-	NR	0.910192	-	[0.88-0.94]	LYPLAL1-AS1	"Glaucoma (primary open-angle)"	"open-angle glaucoma"	-	GCST011439	1:219482496	33627673	"Gharahkhani P"
rs6434068-C	4E-9	-	NR	1.10738	-	[1.07-1.14]	FMNL2	"Glaucoma (primary open-angle)"	"open-angle glaucoma"	-	GCST011439	2:152501027	33627673	"Gharahkhani P"
rs4361323-A	4E-8	-	NR	0.919247	-	[0.89-0.95]	MECOM	"Glaucoma (primary open-angle)"	"open-angle glaucoma"	-	GCST011439	3:169521790	33627673	"Gharahkhani P"
rs57552558-T	1E-11	-	NR	1.20394	-	[1.15-1.26]	FNDC3B	"Glaucoma (primary open-angle)"	"open-angle glaucoma"	-	GCST011439	3:172114745	33627673	"Gharahkhani P"
rs56233426-A	4E-9	-	NR	1.09713	-	[1.07-1.13]	LINC02020,DGKG	"Glaucoma (primary open-angle)"	"open-angle glaucoma"	-	GCST011439	3:186411027	33627673	"Gharahkhani P"
rs34179701-T	1E-16	-	NR	0.874678	-	[0.84-0.91]	AFAP1	"Glaucoma (primary open-angle)"	"open-angle glaucoma"	-	GCST011439	4:7914455	33627673	"Gharahkhani P"
rs2745572-A	4E-13	-	NR	1.12468	-	[1.09-1.16]	FOXCUT,ELF2P2	"Glaucoma (primary open-angle)"	"open-angle glaucoma"	-	GCST011439	6:1548134	33627673	"Gharahkhani P"
rs9394363-T	3E-8	-	NR	0.911558	-	[0.88-0.94]	SRSF3,STK38	"Glaucoma (primary open-angle)"	"open-angle glaucoma"	-	GCST011439	6:36591187	33627673	"Gharahkhani P"
rs72904286-T	1E-12	-	NR	0.830191	-	[0.78-0.88]	PKHD1,RPS15AP20	"Glaucoma (primary open-angle)"	"open-angle glaucoma"	-	GCST011439	6:51550124	33627673	"Gharahkhani P"
rs7748159-T	4E-8	-	NR	1.09122	-	[1.06-1.12]	PDE7B,PDE7B-AS1	"Glaucoma (primary open-angle)"	"open-angle glaucoma"	-	GCST011439	6:136143397	33627673	"Gharahkhani P"
rs12699251-A	3E-8	-	NR	0.915395	-	[0.88-0.95]	THSD7A	"Glaucoma (primary open-angle)"	"open-angle glaucoma"	-	GCST011439	7:11639486	33627673	"Gharahkhani P"
rs10262524-A	3E-14	-	NR	1.15604	-	[1.12-1.19]	CAV2,CAV1	"Glaucoma (primary open-angle)"	"open-angle glaucoma"	-	GCST011439	7:116510898	33627673	"Gharahkhani P"
rs2154665-T	4E-9	-	NR	0.875728	-	[0.83-0.92]	ANGPT1	"Glaucoma (primary open-angle)"	"open-angle glaucoma"	-	GCST011439	8:107256851	33627673	"Gharahkhani P"
rs6475604-T	7E-56	-	NR	0.768511	-	[0.74-0.8]	CDKN2B-AS1	"Glaucoma (primary open-angle)"	"open-angle glaucoma"	-	GCST011439	9:22052735	33627673	"Gharahkhani P"
rs2472493-A	2E-29	-	NR	0.839373	-	[0.81-0.87]	ABCA1,CT70	"Glaucoma (primary open-angle)"	"open-angle glaucoma"	-	GCST011439	9:104933567	33627673	"Gharahkhani P"
rs10448285-T	2E-16	-	NR	0.869184	-	[0.84-0.9]	LMX1B	"Glaucoma (primary open-angle)"	"open-angle glaucoma"	-	GCST011439	9:126634735	33627673	"Gharahkhani P"
rs2393455-A	5E-9	-	NR	0.913383	-	[0.88-0.94]	BICC1	"Glaucoma (primary open-angle)"	"open-angle glaucoma"	-	GCST011439	10:58615138	33627673	"Gharahkhani P"
rs60515486-A	3E-8	-	NR	0.901496	-	[0.87-0.94]	AGBL2	"Glaucoma (primary open-angle)"	"open-angle glaucoma"	-	GCST011439	11:47661173	33627673	"Gharahkhani P"
rs10892574-C	1E-11	-	NR	1.12457	-	[1.09-1.16]	ARHGEF12	"Glaucoma (primary open-angle)"	"open-angle glaucoma"	-	GCST011439	11:120418235	33627673	"Gharahkhani P"
rs7924522-A	1E-8	-	NR	1.10429	-	[1.07-1.14]	ETS1	"Glaucoma (primary open-angle)"	"open-angle glaucoma"	-	GCST011439	11:128510847	33627673	"Gharahkhani P"
rs111439095-A	3E-8	-	NR	0.911011	-	[0.88-0.94]	LMO7	"Glaucoma (primary open-angle)"	"open-angle glaucoma"	-	GCST011439	13:75680297	33627673	"Gharahkhani P"
rs2093210-T	7E-28	-	NR	0.837864	-	[0.81-0.87]	C14orf39	"Glaucoma (primary open-angle)"	"open-angle glaucoma"	-	GCST011439	14:60490561	33627673	"Gharahkhani P"
rs2228552-G	3E-13	-	0.4339	-	"0.06535 unit decrease"	[0.049-0.082]	COL16A1	"Primary open angle glaucoma (PheCode 365.11)"	"open-angle glaucoma"	-	GCST90480066	1:31699894	39024449	"Verma A"
rs1192415-G	2E-14	-	0.1893	-	"0.08114 unit increase"	[0.059-0.103]	HSP90B3P,WDR82P2	"Primary open angle glaucoma (PheCode 365.11)"	"open-angle glaucoma"	-	GCST90480066	1:91611540	39024449	"Verma A"
rs11205303-T	6E-13	-	0.666	-	"0.07299 unit increase"	[0.052-0.094]	MTMR11	"Primary open angle glaucoma (PheCode 365.11)"	"open-angle glaucoma"	-	GCST90480066	1:149934520	39024449	"Verma A"
rs4657477-C	5E-89	-	0.1292	-	"0.2678 unit increase"	[0.23-0.3]	TMCO1	"Primary open angle glaucoma (PheCode 365.11)"	"open-angle glaucoma"	-	GCST90480066	1:165766938	39024449	"Verma A"
rs74315329-G	2E-41	-	0.9989	-	"1.227 unit decrease"	[1.18-1.27]	MYOCOS,MYOC	"Primary open angle glaucoma (PheCode 365.11)"	"open-angle glaucoma"	-	GCST90480066	1:171636338	39024449	"Verma A"
rs6697647-A	9E-15	-	0.923	-	"0.1278 unit increase"	[0.092-0.164]	LYPLAL1-DT	"Primary open angle glaucoma (PheCode 365.11)"	"open-angle glaucoma"	-	GCST90480066	1:218986492	39024449	"Verma A"
rs782610-C	1E-11	-	0.2368	-	"0.06993 unit increase"	[0.049-0.091]	EFEMP1,PNPT1	"Primary open angle glaucoma (PheCode 365.11)"	"open-angle glaucoma"	-	GCST90480066	2:55708260	39024449	"Verma A"
rs1467229-T	6E-14	-	0.5451	-	"0.06611 unit decrease"	[0.05-0.082]	MIR4778,LINC01873	"Primary open angle glaucoma (PheCode 365.11)"	"open-angle glaucoma"	-	GCST90480066	2:66378499	39024449	"Verma A"
rs6714213-A	2E-20	-	0.5282	-	"0.08631 unit decrease"	[0.07-0.103]	FMNL2	"Primary open angle glaucoma (PheCode 365.11)"	"open-angle glaucoma"	-	GCST90480066	2:152500869	39024449	"Verma A"
rs1286771-T	4E-13	-	0.8273	-	"0.08082 unit increase"	[0.057-0.104]	RARB	"Primary open angle glaucoma (PheCode 365.11)"	"open-angle glaucoma"	-	GCST90480066	3:25540021	39024449	"Verma A"
rs6791035-C	2E-14	-	0.5019	-	"0.07083 unit increase"	[0.052-0.09]	CADM2	"Primary open angle glaucoma (PheCode 365.11)"	"open-angle glaucoma"	-	GCST90480066	3:85073758	39024449	"Verma A"
rs4894414-C	4E-11	-	0.8312	-	"0.07966 unit increase"	[0.054-0.105]	FNDC3B	"Primary open angle glaucoma (PheCode 365.11)"	"open-angle glaucoma"	-	GCST90480066	3:172279709	39024449	"Verma A"
rs9853115-T	4E-32	-	0.5161	-	"0.1078 unit increase"	[0.088-0.128]	DGKG,LINC02020	"Primary open angle glaucoma (PheCode 365.11)"	"open-angle glaucoma"	-	GCST90480066	3:186413811	39024449	"Verma A"
rs28464089-C	2E-37	-	0.5114	-	"0.1186 unit increase"	[0.098-0.139]	AFAP1	"Primary open angle glaucoma (PheCode 365.11)"	"open-angle glaucoma"	-	GCST90480066	4:7888230	39024449	"Verma A"
rs368503-A	1E-13	-	0.7101	-	"0.06965 unit increase"	[0.05-0.089]	ANKH	"Primary open angle glaucoma (PheCode 365.11)"	"open-angle glaucoma"	-	GCST90480066	5:14820308	39024449	"Verma A"
rs2745572-A	2E-26	-	0.6856	-	"0.1042 unit increase"	[0.083-0.125]	FOXCUT,ELF2P2	"Primary open angle glaucoma (PheCode 365.11)"	"open-angle glaucoma"	-	GCST90480066	6:1548134	39024449	"Verma A"
rs4715208-A	2E-11	-	0.2997	-	"0.06239 unit decrease"	[0.045-0.079]	RPS17P5,TNPO3P2	"Primary open angle glaucoma (PheCode 365.11)"	"open-angle glaucoma"	-	GCST90480066	6:50861758	39024449	"Verma A"
rs2495850-T	1E-18	-	0.8844	-	"0.1213 unit increase"	[0.091-0.151]	PKHD1,RPS15AP20	"Primary open angle glaucoma (PheCode 365.11)"	"open-angle glaucoma"	-	GCST90480066	6:51578614	39024449	"Verma A"
rs9389370-C	2E-14	-	0.7066	-	"0.08379 unit increase"	[0.061-0.107]	PDE7B-AS1,PDE7B	"Primary open angle glaucoma (PheCode 365.11)"	"open-angle glaucoma"	-	GCST90480066	6:136110127	39024449	"Verma A"
rs6969706-G	7E-29	-	0.7356	-	"0.1091 unit decrease"	[0.092-0.126]	CAV2,CAV1	"Primary open angle glaucoma (PheCode 365.11)"	"open-angle glaucoma"	-	GCST90480066	7:116514777	39024449	"Verma A"
rs7777391-A	2E-15	-	0.4	-	"0.07307 unit decrease"	[0.057-0.09]	CTTNBP2,LSM8	"Primary open angle glaucoma (PheCode 365.11)"	"open-angle glaucoma"	-	GCST90480066	7:117981823	39024449	"Verma A"
rs12545727-G	3E-15	-	0.5619	-	"0.07409 unit decrease"	[0.057-0.091]	ANGPT1	"Primary open angle glaucoma (PheCode 365.11)"	"open-angle glaucoma"	-	GCST90480066	8:107285653	39024449	"Verma A"
rs62521292-C	6E-14	-	0.9435	-	"0.1384 unit decrease"	[0.11-0.17]	RN7SKP155,FBXO32	"Primary open angle glaucoma (PheCode 365.11)"	"open-angle glaucoma"	-	GCST90480066	8:123548375	39024449	"Verma A"
rs4007655-A	1E-11	-	0.7753	-	"0.09413 unit decrease"	[0.07-0.118]	MLLT3	"Primary open angle glaucoma (PheCode 365.11)"	"open-angle glaucoma"	-	GCST90480066	9:20366561	39024449	"Verma A"
rs2472496-G	2E-47	-	0.4156	-	"0.1292 unit increase"	[0.11-0.15]	ABCA1,CT70	"Primary open angle glaucoma (PheCode 365.11)"	"open-angle glaucoma"	-	GCST90480066	9:104933072	39024449	"Verma A"
rs10760442-G	3E-19	-	0.6905	-	"0.08726 unit increase"	[0.067-0.108]	LMX1B	"Primary open angle glaucoma (PheCode 365.11)"	"open-angle glaucoma"	-	GCST90480066	9:126621621	39024449	"Verma A"
rs10993828-A	3E-14	-	0.8463	-	"0.09979 unit increase"	[0.072-0.128]	VAV2	"Primary open angle glaucoma (PheCode 365.11)"	"open-angle glaucoma"	-	GCST90480066	9:133856546	39024449	"Verma A"
rs7030641-C	4E-80	-	0.3422	-	"0.2007 unit decrease"	[0.18-0.22]	CDKN2B-AS1	"Primary open angle glaucoma (PheCode 365.11)"	"open-angle glaucoma"	-	GCST90480066	9:22054041	39024449	"Verma A"
rs7078201-T	8E-12	-	0.6052	-	"0.06096 unit decrease"	[0.045-0.077]	XRCC6P1,NIP7P1	"Primary open angle glaucoma (PheCode 365.11)"	"open-angle glaucoma"	-	GCST90480066	10:93176866	39024449	"Verma A"
rs2274224-G	2E-17	-	0.539	-	"0.07152 unit decrease"	[0.056-0.087]	PLCE1-AS1,PLCE1	"Primary open angle glaucoma (PheCode 365.11)"	"open-angle glaucoma"	-	GCST90480066	10:94279840	39024449	"Verma A"
rs7121264-G	3E-11	-	0.7346	-	"0.0637 unit decrease"	[0.046-0.081]	AGBL2	"Primary open angle glaucoma (PheCode 365.11)"	"open-angle glaucoma"	-	GCST90480066	11:47708596	39024449	"Verma A"
rs60229086-G	2E-11	-	0.9278	-	"0.1124 unit decrease"	[0.084-0.141]	ME3	"Primary open angle glaucoma (PheCode 365.11)"	"open-angle glaucoma"	-	GCST90480066	11:86668016	39024449	"Verma A"
rs11213533-G	2E-11	-	0.9072	-	"0.0972 unit increase"	[0.066-0.128]	ARHGAP20	"Primary open angle glaucoma (PheCode 365.11)"	"open-angle glaucoma"	-	GCST90480066	11:110684287	39024449	"Verma A"
rs7924772-A	3E-22	-	0.6132	-	"0.0847 unit decrease"	[0.069-0.1]	ARHGEF12	"Primary open angle glaucoma (PheCode 365.11)"	"open-angle glaucoma"	-	GCST90480066	11:120362917	39024449	"Verma A"
rs1026553-T	5E-24	-	0.4388	-	"0.09041 unit increase"	[0.071-0.109]	SLC6A15,RPL6P25	"Primary open angle glaucoma (PheCode 365.11)"	"open-angle glaucoma"	-	GCST90480066	12:83820493	39024449	"Verma A"
rs33912345-C	5E-34	-	0.4987	-	"0.1177 unit increase"	[0.097-0.139]	SIX6,C14orf39	"Primary open angle glaucoma (PheCode 365.11)"	"open-angle glaucoma"	-	GCST90480066	14:60509819	39024449	"Verma A"
rs2165198-A	2E-13	-	0.5205	-	"0.06385 unit decrease"	[0.048-0.08]	LTBP2,AREL1	"Primary open angle glaucoma (PheCode 365.11)"	"open-angle glaucoma"	-	GCST90480066	14:74613116	39024449	"Verma A"
rs1426654-A	4E-12	-	0.8031	-	"0.1103 unit decrease"	[0.083-0.138]	SLC24A5	"Primary open angle glaucoma (PheCode 365.11)"	"open-angle glaucoma"	-	GCST90480066	15:48134287	39024449	"Verma A"
rs2116065-T	4E-16	-	0.5887	-	"0.0835 unit increase"	[0.062-0.105]	TCF12	"Primary open angle glaucoma (PheCode 365.11)"	"open-angle glaucoma"	-	GCST90480066	15:56962395	39024449	"Verma A"
rs10519127-T	3E-11	-	0.5126	-	"0.06027 unit decrease"	[0.044-0.077]	LINC02349,RORA	"Primary open angle glaucoma (PheCode 365.11)"	"open-angle glaucoma"	-	GCST90480066	15:61665968	39024449	"Verma A"
rs35198-G	3E-13	-	0.7186	-	"0.07705 unit increase"	[0.055-0.099]	CDH11	"Primary open angle glaucoma (PheCode 365.11)"	"open-angle glaucoma"	-	GCST90480066	16:64989678	39024449	"Verma A"
rs1687681-C	3E-11	-	0.08816	-	"0.1208 unit increase"	[0.081-0.16]	FENDRR,LINC00917	"Primary open angle glaucoma (PheCode 365.11)"	"open-angle glaucoma"	-	GCST90480066	16:86355588	39024449	"Verma A"
rs2169356-A	4E-14	-	0.6325	-	"0.06532 unit increase"	[0.047-0.083]	SMG6	"Primary open angle glaucoma (PheCode 365.11)"	"open-angle glaucoma"	-	GCST90480066	17:2234722	39024449	"Verma A"
rs9913911-A	2E-44	-	0.6717	-	"0.1347 unit increase"	[0.11-0.16]	GAS7	"Primary open angle glaucoma (PheCode 365.11)"	"open-angle glaucoma"	-	GCST90480066	17:10127866	39024449	"Verma A"
rs885639-T	9E-12	-	0.7878	-	"0.07405 unit decrease"	[0.055-0.094]	MAPT-AS1	"Primary open angle glaucoma (PheCode 365.11)"	"open-angle glaucoma"	-	GCST90480066	17:45851248	39024449	"Verma A"
rs6107843-G	6E-14	-	0.653	-	"0.08046 unit increase"	[0.058-0.103]	CASC20,LINC01713	"Primary open angle glaucoma (PheCode 365.11)"	"open-angle glaucoma"	-	GCST90480066	20:6593578	39024449	"Verma A"
rs34462686-A	1E-20	-	0.753	-	"0.09609 unit increase"	[0.074-0.118]	TXNRD2,GNB1L	"Primary open angle glaucoma (PheCode 365.11)"	"open-angle glaucoma"	-	GCST90480066	22:19872394	39024449	"Verma A"
rs2078555-C	2E-26	-	0.7057	-	"0.1027 unit increase"	[0.082-0.123]	CHEK2	"Primary open angle glaucoma (PheCode 365.11)"	"open-angle glaucoma"	-	GCST90480066	22:28714771	39024449	"Verma A"
rs909509-A	6E-12	-	0.6497	-	"0.04327 unit decrease"	[0.032-0.055]	PRDM16	"Open-angle glaucoma (PheCode 365.1)"	"open-angle glaucoma"	-	GCST90480067	1:3135057	39024449	"Verma A"
rs6681149-G	3E-12	-	0.342	-	"0.04364 unit decrease"	[0.032-0.055]	COL16A1	"Open-angle glaucoma (PheCode 365.1)"	"open-angle glaucoma"	-	GCST90480067	1:31699492	39024449	"Verma A"
rs3125918-A	7E-19	-	0.5786	-	"0.05774 unit decrease"	[0.046-0.07]	RPE65,ELOCP18	"Open-angle glaucoma (PheCode 365.1)"	"open-angle glaucoma"	-	GCST90480067	1:68380563	39024449	"Verma A"
rs1192415-G	4E-66	-	0.1889	-	"0.1229 unit increase"	[0.11-0.14]	HSP90B3P,WDR82P2	"Open-angle glaucoma (PheCode 365.1)"	"open-angle glaucoma"	-	GCST90480067	1:91611540	39024449	"Verma A"
rs10800154-C	1E-62	-	0.1301	-	"0.1537 unit increase"	[0.13-0.17]	TMCO1	"Open-angle glaucoma (PheCode 365.1)"	"open-angle glaucoma"	-	GCST90480067	1:165745505	39024449	"Verma A"
rs74315329-G	1E-20	-	0.9989	-	"0.7255 unit decrease"	[0.66-0.79]	MYOCOS,MYOC	"Open-angle glaucoma (PheCode 365.1)"	"open-angle glaucoma"	-	GCST90480067	1:171636338	39024449	"Verma A"
rs61836088-T	6E-15	-	0.7523	-	"0.05627 unit increase"	[0.041-0.071]	LYPLAL1-AS1,LYPLAL1	"Open-angle glaucoma (PheCode 365.1)"	"open-angle glaucoma"	-	GCST90480067	1:219262780	39024449	"Verma A"
rs115823838-C	2E-17	-	0.9452	-	"0.1132 unit decrease"	[0.09-0.136]	CDC42BPA	"Open-angle glaucoma (PheCode 365.1)"	"open-angle glaucoma"	-	GCST90480067	1:227115886	39024449	"Verma A"
rs1974923-T	4E-12	-	0.4985	-	"0.04239 unit increase"	[0.03-0.055]	LINC00276,TRIB2	"Open-angle glaucoma (PheCode 365.1)"	"open-angle glaucoma"	-	GCST90480067	2:12747576	39024449	"Verma A"
rs142164320-G	1E-22	-	0.9774	-	"0.2069 unit increase"	[0.16-0.26]	LINC01376	"Open-angle glaucoma (PheCode 365.1)"	"open-angle glaucoma"	-	GCST90480067	2:19232965	39024449	"Verma A"
rs12615158-C	1E-12	-	0.7514	-	"0.04942 unit increase"	[0.035-0.064]	EFEMP1,PNPT1	"Open-angle glaucoma (PheCode 365.1)"	"open-angle glaucoma"	-	GCST90480067	2:55805864	39024449	"Verma A"
rs2971811-G	2E-14	-	0.5738	-	"0.04935 unit decrease"	[0.037-0.061]	MIR4778,LINC02934	"Open-angle glaucoma (PheCode 365.1)"	"open-angle glaucoma"	-	GCST90480067	2:66356558	39024449	"Verma A"
rs12151613-C	2E-12	-	0.7094	-	"0.04669 unit increase"	[0.033-0.06]	ACOXL	"Open-angle glaucoma (PheCode 365.1)"	"open-angle glaucoma"	-	GCST90480067	2:110851808	39024449	"Verma A"
rs6434068-G	1E-18	-	0.5301	-	"0.05604 unit decrease"	[0.044-0.068]	FMNL2	"Open-angle glaucoma (PheCode 365.1)"	"open-angle glaucoma"	-	GCST90480067	2:152501027	39024449	"Verma A"
rs1286770-C	3E-13	-	0.833	-	"0.05694 unit increase"	[0.041-0.073]	RARB	"Open-angle glaucoma (PheCode 365.1)"	"open-angle glaucoma"	-	GCST90480067	3:25540307	39024449	"Verma A"
rs7633840-T	3E-11	-	0.3693	-	"0.04072 unit increase"	[0.028-0.053]	NCKIPSD	"Open-angle glaucoma (PheCode 365.1)"	"open-angle glaucoma"	-	GCST90480067	3:48682205	39024449	"Verma A"
rs12494328-G	3E-17	-	0.8096	-	"0.06785 unit decrease"	[0.053-0.082]	FLNB	"Open-angle glaucoma (PheCode 365.1)"	"open-angle glaucoma"	-	GCST90480067	3:58049770	39024449	"Verma A"
rs13326797-T	4E-12	-	0.5442	-	"0.04074 unit increase"	[0.029-0.053]	PRICKLE2	"Open-angle glaucoma (PheCode 365.1)"	"open-angle glaucoma"	-	GCST90480067	3:64426094	39024449	"Verma A"
rs13079612-T	2E-12	-	0.8448	-	"0.05927 unit increase"	[0.042-0.077]	RPL21P41,KBTBD8	"Open-angle glaucoma (PheCode 365.1)"	"open-angle glaucoma"	-	GCST90480067	3:66790110	39024449	"Verma A"
rs9284802-G	2E-11	-	0.5037	-	"0.04147 unit increase"	[0.029-0.054]	CADM2	"Open-angle glaucoma (PheCode 365.1)"	"open-angle glaucoma"	-	GCST90480067	3:85046615	39024449	"Verma A"
rs9837800-A	9E-25	-	0.5306	-	"0.06115 unit increase"	[0.049-0.073]	CSNKA2IP	"Open-angle glaucoma (PheCode 365.1)"	"open-angle glaucoma"	-	GCST90480067	3:88360288	39024449	"Verma A"
rs2670343-A	3E-19	-	0.6057	-	"0.05564 unit decrease"	[0.044-0.067]	ARHGEF28P1,COL8A1	"Open-angle glaucoma (PheCode 365.1)"	"open-angle glaucoma"	-	GCST90480067	3:99444497	39024449	"Verma A"
rs9853115-T	1E-22	-	0.5162	-	"0.06047 unit increase"	[0.048-0.073]	DGKG,LINC02020	"Open-angle glaucoma (PheCode 365.1)"	"open-angle glaucoma"	-	GCST90480067	3:186413811	39024449	"Verma A"
rs13140108-C	4E-28	-	0.511	-	"0.06662 unit increase"	[0.054-0.079]	AFAP1	"Open-angle glaucoma (PheCode 365.1)"	"open-angle glaucoma"	-	GCST90480067	4:7884805	39024449	"Verma A"
rs72759618-G	4E-19	-	0.8972	-	"0.08672 unit increase"	[0.066-0.107]	PDZD2	"Open-angle glaucoma (PheCode 365.1)"	"open-angle glaucoma"	-	GCST90480067	5:31960740	39024449	"Verma A"
rs141502740-C	1E-11	-	0.6497	-	"0.04486 unit increase"	[0.031-0.058]	PELO-AS1	"Open-angle glaucoma (PheCode 365.1)"	"open-angle glaucoma"	-	GCST90480067	5:52722825	39024449	"Verma A"
rs158638-G	9E-12	-	0.5525	-	"0.04457 unit increase"	[0.031-0.058]	PSMC1P4,RNU6ATAC2P	"Open-angle glaucoma (PheCode 365.1)"	"open-angle glaucoma"	-	GCST90480067	5:56280189	39024449	"Verma A"
rs25816-T	9E-12	-	0.77	-	"0.04569 unit decrease"	[0.033-0.058]	ADAMTS19	"Open-angle glaucoma (PheCode 365.1)"	"open-angle glaucoma"	-	GCST90480067	5:129656743	39024449	"Verma A"
rs34828249-C	2E-13	-	0.5666	-	"0.04837 unit decrease"	[0.036-0.061]	KIAA1549L	"Open-angle glaucoma (PheCode 365.1)"	"open-angle glaucoma"	-	GCST90480067	11:33380149	39024449	"Verma A"
rs1346-A	4E-16	-	0.8296	-	"0.06488 unit increase"	[0.048-0.081]	ZNRD2-DT	"Open-angle glaucoma (PheCode 365.1)"	"open-angle glaucoma"	-	GCST90480067	11:65569780	39024449	"Verma A"
rs11234746-G	3E-12	-	0.8233	-	"0.05529 unit decrease"	[0.041-0.07]	PRSS23,ME3	"Open-angle glaucoma (PheCode 365.1)"	"open-angle glaucoma"	-	GCST90480067	11:86697614	39024449	"Verma A"
rs7924963-G	3E-15	-	0.5995	-	"0.04666 unit decrease"	[0.036-0.058]	ARHGEF12	"Open-angle glaucoma (PheCode 365.1)"	"open-angle glaucoma"	-	GCST90480067	11:120362827	39024449	"Verma A"
rs7936928-T	3E-22	-	0.3563	-	"0.0627 unit decrease"	[0.051-0.075]	ADAMTS8,ZBTB44-DT	"Open-angle glaucoma (PheCode 365.1)"	"open-angle glaucoma"	-	GCST90480067	11:130409273	39024449	"Verma A"
rs6539763-C	8E-70	-	0.5744	-	"0.1051 unit increase"	[0.092-0.118]	RPL6P25,SLC6A15	"Open-angle glaucoma (PheCode 365.1)"	"open-angle glaucoma"	-	GCST90480067	12:83578226	39024449	"Verma A"
rs7954897-C	6E-16	-	0.6918	-	"0.05155 unit increase"	[0.038-0.065]	RFX4	"Open-angle glaucoma (PheCode 365.1)"	"open-angle glaucoma"	-	GCST90480067	12:106652442	39024449	"Verma A"
rs11113989-A	5E-12	-	0.7944	-	"0.05305 unit decrease"	[0.039-0.067]	SART3	"Open-angle glaucoma (PheCode 365.1)"	"open-angle glaucoma"	-	GCST90480067	12:108551834	39024449	"Verma A"
rs57874761-A	3E-19	-	0.4296	-	"0.05371 unit decrease"	[0.043-0.065]	RFLNA	"Open-angle glaucoma (PheCode 365.1)"	"open-angle glaucoma"	-	GCST90480067	12:124181837	39024449	"Verma A"
rs4884014-A	1E-12	-	0.748	-	"0.04794 unit increase"	[0.034-0.062]	LMO7	"Open-angle glaucoma (PheCode 365.1)"	"open-angle glaucoma"	-	GCST90480067	13:75681736	39024449	"Verma A"
rs9559373-A	4E-19	-	0.7662	-	"0.06397 unit increase"	[0.049-0.079]	HCFC2P1,MYO16	"Open-angle glaucoma (PheCode 365.1)"	"open-angle glaucoma"	-	GCST90480067	13:108585080	39024449	"Verma A"
rs12869698-G	1E-14	-	0.6237	-	"0.05323 unit decrease"	[0.041-0.066]	LINC03082	"Open-angle glaucoma (PheCode 365.1)"	"open-angle glaucoma"	-	GCST90480067	13:110121952	39024449	"Verma A"
rs71418269-C	2E-11	-	0.5808	-	"0.04168 unit decrease"	[0.03-0.053]	AJUBA	"Open-angle glaucoma (PheCode 365.1)"	"open-angle glaucoma"	-	GCST90480067	14:22975867	39024449	"Verma A"
rs34935520-G	1E-73	-	0.4999	-	"0.1155 unit increase"	[0.1-0.13]	C14orf39,SALRNA1	"Open-angle glaucoma (PheCode 365.1)"	"open-angle glaucoma"	-	GCST90480067	14:60624683	39024449	"Verma A"
rs1426654-A	3E-12	-	0.804	-	"0.0778 unit decrease"	[0.058-0.098]	SLC24A5	"Open-angle glaucoma (PheCode 365.1)"	"open-angle glaucoma"	-	GCST90480067	15:48134287	39024449	"Verma A"
rs12903151-C	2E-13	-	0.565	-	"0.04734 unit increase"	[0.034-0.06]	TCF12	"Open-angle glaucoma (PheCode 365.1)"	"open-angle glaucoma"	-	GCST90480067	15:57225354	39024449	"Verma A"
rs893816-C	2E-11	-	0.7056	-	"0.04418 unit decrease"	[0.032-0.056]	LOXL1	"Open-angle glaucoma (PheCode 365.1)"	"open-angle glaucoma"	-	GCST90480067	15:73936123	39024449	"Verma A"
rs8027468-A	1E-22	-	0.7771	-	"0.06672 unit decrease"	[0.054-0.079]	ASB7,GCAWKR	"Open-angle glaucoma (PheCode 365.1)"	"open-angle glaucoma"	-	GCST90480067	15:100663530	39024449	"Verma A"
rs1420993-G	5E-32	-	0.3704	-	"0.0751 unit increase"	[0.062-0.088]	HNRNPA1L3,UNGP1	"Open-angle glaucoma (PheCode 365.1)"	"open-angle glaucoma"	-	GCST90480067	16:51430987	39024449	"Verma A"
rs1687681-C	2E-22	-	0.08815	-	"0.118 unit increase"	[0.092-0.144]	FENDRR,LINC00917	"Open-angle glaucoma (PheCode 365.1)"	"open-angle glaucoma"	-	GCST90480067	16:86355588	39024449	"Verma A"
rs9913911-A	4E-32	-	0.6712	-	"0.07816 unit increase"	[0.064-0.092]	GAS7	"Open-angle glaucoma (PheCode 365.1)"	"open-angle glaucoma"	-	GCST90480067	17:10127866	39024449	"Verma A"
rs10445374-T	2E-14	-	0.5011	-	"0.0466 unit increase"	[0.034-0.059]	NPEPPS,KPNB1-DT	"Open-angle glaucoma (PheCode 365.1)"	"open-angle glaucoma"	-	GCST90480067	17:47585017	39024449	"Verma A"
rs10426392-C	5E-14	-	0.7447	-	"0.05181 unit increase"	[0.038-0.066]	PTBP1	"Open-angle glaucoma (PheCode 365.1)"	"open-angle glaucoma"	-	GCST90480067	19:810445	39024449	"Verma A"
rs6140010-A	5E-34	-	0.646	-	"0.07384 unit increase"	[0.061-0.087]	CASC20	"Open-angle glaucoma (PheCode 365.1)"	"open-angle glaucoma"	-	GCST90480067	20:6492476	39024449	"Verma A"
rs9789793-T	3E-11	-	0.5885	-	"0.03972 unit increase"	[0.028-0.052]	EYA2	"Open-angle glaucoma (PheCode 365.1)"	"open-angle glaucoma"	-	GCST90480067	20:47182210	39024449	"Verma A"
rs73371484-C	1E-13	-	0.9632	-	"0.09766 unit decrease"	[0.074-0.121]	RUNX1	"Open-angle glaucoma (PheCode 365.1)"	"open-angle glaucoma"	-	GCST90480067	21:35363940	39024449	"Verma A"
rs8141610-C	9E-17	-	0.8493	-	"0.07124 unit increase"	[0.053-0.089]	TXNRD2	"Open-angle glaucoma (PheCode 365.1)"	"open-angle glaucoma"	-	GCST90480067	22:19882624	39024449	"Verma A"
rs4822983-C	2E-86	-	0.6856	-	"0.1249 unit increase"	[0.11-0.14]	CHEK2	"Open-angle glaucoma (PheCode 365.1)"	"open-angle glaucoma"	-	GCST90480067	22:28719078	39024449	"Verma A"
rs5756822-C	2E-26	-	0.4693	-	"0.06358 unit increase"	[0.051-0.076]	TRIOBP,H1-0	"Open-angle glaucoma (PheCode 365.1)"	"open-angle glaucoma"	-	GCST90480067	22:37800467	39024449	"Verma A"
rs6879204-C	3E-13	-	0.9696	-	"0.1442 unit increase"	[0.1-0.19]	DUSP1,NEURL1B	"Open-angle glaucoma (PheCode 365.1)"	"open-angle glaucoma"	-	GCST90480067	5:172746954	39024449	"Verma A"
rs17135357-A	6E-16	-	0.8856	-	"0.07877 unit decrease"	[0.061-0.096]	EXOC2	"Open-angle glaucoma (PheCode 365.1)"	"open-angle glaucoma"	-	GCST90480067	6:602983	39024449	"Verma A"
rs2745572-A	3E-19	-	0.6856	-	"0.06081 unit increase"	[0.047-0.075]	FOXCUT,ELF2P2	"Open-angle glaucoma (PheCode 365.1)"	"open-angle glaucoma"	-	GCST90480067	6:1548134	39024449	"Verma A"
rs9368943-C	7E-20	-	0.8024	-	"0.06861 unit decrease"	[0.055-0.082]	SRSF3	"Open-angle glaucoma (PheCode 365.1)"	"open-angle glaucoma"	-	GCST90480067	6:36598798	39024449	"Verma A"
rs2439042-T	3E-13	-	0.8868	-	"0.0675 unit increase"	[0.048-0.087]	PKHD1,RPS15AP20	"Open-angle glaucoma (PheCode 365.1)"	"open-angle glaucoma"	-	GCST90480067	6:51581817	39024449	"Verma A"
rs2684249-T	1E-12	-	0.6506	-	"0.04559 unit increase"	[0.032-0.059]	HMGB3P18,RNU1-18P	"Open-angle glaucoma (PheCode 365.1)"	"open-angle glaucoma"	-	GCST90480067	6:122071365	39024449	"Verma A"
rs73015038-C	1E-11	-	0.9124	-	"0.07378 unit decrease"	[0.054-0.093]	SASH1	"Open-angle glaucoma (PheCode 365.1)"	"open-angle glaucoma"	-	GCST90480067	6:148516613	39024449	"Verma A"
rs6967846-C	1E-13	-	0.7889	-	"0.05266 unit decrease"	[0.04-0.066]	DGKB	"Open-angle glaucoma (PheCode 365.1)"	"open-angle glaucoma"	-	GCST90480067	7:14196176	39024449	"Verma A"
rs6969706-G	9E-25	-	0.7357	-	"0.07018 unit decrease"	[0.058-0.083]	CAV2,CAV1	"Open-angle glaucoma (PheCode 365.1)"	"open-angle glaucoma"	-	GCST90480067	7:116514777	39024449	"Verma A"
rs1859032-G	7E-15	-	0.3377	-	"0.05241 unit decrease"	[0.04-0.065]	CTTNBP2,LSM8	"Open-angle glaucoma (PheCode 365.1)"	"open-angle glaucoma"	-	GCST90480067	7:117991924	39024449	"Verma A"
rs28679501-T	2E-12	-	0.3628	-	"0.04474 unit decrease"	[0.033-0.057]	MTUS1	"Open-angle glaucoma (PheCode 365.1)"	"open-angle glaucoma"	-	GCST90480067	8:17674293	39024449	"Verma A"
rs2368508-T	8E-14	-	0.6358	-	"0.04611 unit increase"	[0.034-0.059]	PKIA-AS1,HIGD1AP18	"Open-angle glaucoma (PheCode 365.1)"	"open-angle glaucoma"	-	GCST90480067	8:78039043	39024449	"Verma A"
rs12547416-C	2E-11	-	0.5091	-	"0.03986 unit increase"	[0.028-0.052]	SOX5P1,CNBD1	"Open-angle glaucoma (PheCode 365.1)"	"open-angle glaucoma"	-	GCST90480067	8:87748995	39024449	"Verma A"
rs2149157-T	7E-18	-	0.6781	-	"0.06008 unit increase"	[0.046-0.074]	BNC2	"Open-angle glaucoma (PheCode 365.1)"	"open-angle glaucoma"	-	GCST90480067	9:16547745	39024449	"Verma A"
rs7866783-A	7E-131	-	0.3441	-	"0.1699 unit decrease"	[0.16-0.18]	CDKN2B-AS1	"Open-angle glaucoma (PheCode 365.1)"	"open-angle glaucoma"	-	GCST90480067	9:22056360	39024449	"Verma A"
rs2472496-G	1E-36	-	0.4155	-	"0.07703 unit increase"	[0.064-0.09]	ABCA1,CT70	"Open-angle glaucoma (PheCode 365.1)"	"open-angle glaucoma"	-	GCST90480067	9:104933072	39024449	"Verma A"
rs12377624-G	2E-16	-	0.6939	-	"0.05511 unit increase"	[0.041-0.069]	LMX1B-DT	"Open-angle glaucoma (PheCode 365.1)"	"open-angle glaucoma"	-	GCST90480067	9:126610831	39024449	"Verma A"
rs8176746-G	1E-13	-	0.9096	-	"0.07019 unit decrease"	[0.053-0.087]	ABO	"Open-angle glaucoma (PheCode 365.1)"	"open-angle glaucoma"	-	GCST90480067	9:133255935	39024449	"Verma A"
rs10993828-A	3E-12	-	0.8461	-	"0.05952 unit increase"	[0.042-0.077]	VAV2	"Open-angle glaucoma (PheCode 365.1)"	"open-angle glaucoma"	-	GCST90480067	9:133856546	39024449	"Verma A"
rs7916697-A	7E-61	-	0.3526	-	"0.1104 unit decrease"	[0.099-0.122]	ATOH7	"Open-angle glaucoma (PheCode 365.1)"	"open-angle glaucoma"	-	GCST90480067	10:68232096	39024449	"Verma A"
rs116561981-A	3E-18	-	0.593	-	"0.05289 unit decrease"	[0.042-0.064]	NIP7P1,XRCC6P1	"Open-angle glaucoma (PheCode 365.1)"	"open-angle glaucoma"	-	GCST90480067	10:93201869	39024449	"Verma A"
rs2274224-G	5E-20	-	0.5392	-	"0.05283 unit decrease"	[0.042-0.063]	PLCE1-AS1,PLCE1	"Open-angle glaucoma (PheCode 365.1)"	"open-angle glaucoma"	-	GCST90480067	10:94279840	39024449	"Verma A"
rs1681734-C	4E-12	-	0.6566	-	"0.04503 unit decrease"	[0.033-0.057]	HSPA12A	"Open-angle glaucoma (PheCode 365.1)"	"open-angle glaucoma"	-	GCST90480067	10:116798866	39024449	"Verma A"
rs9853115-A	8E-56	-	NR	-	"0.1350507 unit decrease"	[0.12-0.15]	DGKG,LINC02020	"Primary open angle glaucoma (MTAG)"	"open-angle glaucoma"	-	GCST90310210	3:186413811	37386247	"Han X"
rs159961-T	6E-10	-	NR	-	"0.055744577 unit increase"	[0.038-0.073]	RERE	"Primary open angle glaucoma (MTAG)"	"open-angle glaucoma"	-	GCST90310210	1:8424168	37386247	"Han X"
rs4689872-C	2E-10	-	NR	-	"0.054143995 unit decrease"	[0.037-0.071]	AFAP1	"Primary open angle glaucoma (MTAG)"	"open-angle glaucoma"	-	GCST90310210	4:7811565	37386247	"Han X"
rs4652902-A	3E-17	-	NR	-	"0.085594125 unit increase"	[0.066-0.105]	TRAPPC3	"Primary open angle glaucoma (MTAG)"	"open-angle glaucoma"	-	GCST90310210	1:36147354	37386247	"Han X"
rs73250939-A	4E-14	-	NR	-	"0.08286989 unit decrease"	[0.061-0.104]	SCFD2	"Primary open angle glaucoma (MTAG)"	"open-angle glaucoma"	-	GCST90310210	4:53156829	37386247	"Han X"
rs61776719-A	1E-10	-	NR	-	"0.055983666 unit increase"	[0.039-0.073]	RNU6-510P,FHL3	"Primary open angle glaucoma (MTAG)"	"open-angle glaucoma"	-	GCST90310210	1:37995647	37386247	"Han X"
rs11931307-T	7E-10	-	NR	-	"0.05936206 unit increase"	[0.041-0.078]	ADGRL3	"Primary open angle glaucoma (MTAG)"	"open-angle glaucoma"	-	GCST90310210	4:61375932	37386247	"Han X"
rs11211480-A	1E-8	-	NR	-	"0.048596453 unit decrease"	[0.032-0.065]	TAL1	"Primary open angle glaucoma (MTAG)"	"open-angle glaucoma"	-	GCST90310210	1:47227548	37386247	"Han X"
rs1501086-A	2E-10	-	NR	-	"0.07616255 unit decrease"	[0.053-0.1]	EMCN	"Primary open angle glaucoma (MTAG)"	"open-angle glaucoma"	-	GCST90310210	4:100539519	37386247	"Han X"
rs2605103-A	2E-10	-	NR	-	"0.05717207 unit increase"	[0.04-0.075]	LYPLAL1-AS1	"Primary open angle glaucoma (MTAG)"	"open-angle glaucoma"	-	GCST90310210	1:219471850	37386247	"Han X"
rs4833323-A	1E-8	-	NR	-	"0.04876717 unit decrease"	[0.032-0.066]	LINC02945	"Primary open angle glaucoma (MTAG)"	"open-angle glaucoma"	-	GCST90310210	4:111886876	37386247	"Han X"
rs1354710-A	2E-8	-	NR	-	"0.052484743 unit increase"	[0.034-0.071]	FAT4	"Primary open angle glaucoma (MTAG)"	"open-angle glaucoma"	-	GCST90310210	4:125465224	37386247	"Han X"
rs6855419-T	8E-10	-	NR	-	"0.053010833 unit increase"	[0.036-0.07]	TMEM248P1,LINC02379	"Primary open angle glaucoma (MTAG)"	"open-angle glaucoma"	-	GCST90310210	4:126000490	37386247	"Han X"
rs6813846-A	7E-10	-	NR	-	"0.057608027 unit decrease"	[0.039-0.076]	STOX2	"Primary open angle glaucoma (MTAG)"	"open-angle glaucoma"	-	GCST90310210	4:183849770	37386247	"Han X"
rs851336-T	5E-8	-	NR	-	"0.19278625 unit decrease"	[0.12-0.26]	LINC01376	"Primary open angle glaucoma (MTAG)"	"open-angle glaucoma"	-	GCST90310210	2:19170985	37386247	"Han X"
rs851414-T	2E-10	-	NR	-	"0.06322801 unit decrease"	[0.044-0.083]	LINC01376	"Primary open angle glaucoma (MTAG)"	"open-angle glaucoma"	-	GCST90310210	2:19241821	37386247	"Han X"
rs6741499-T	2E-16	-	NR	-	"0.079425976 unit increase"	[0.06-0.098]	BABAM2	"Primary open angle glaucoma (MTAG)"	"open-angle glaucoma"	-	GCST90310210	2:28146569	37386247	"Han X"
rs34447926-A	2E-10	-	NR	-	"0.061495103 unit decrease"	[0.042-0.08]	LTBP1	"Primary open angle glaucoma (MTAG)"	"open-angle glaucoma"	-	GCST90310210	2:33363802	37386247	"Han X"
rs149290349-A	3E-14	-	NR	-	"0.12507044 unit increase"	[0.093-0.157]	ZFP36L2,LINC01126	"Primary open angle glaucoma (MTAG)"	"open-angle glaucoma"	-	GCST90310210	2:43224818	37386247	"Han X"
rs3791979-T	5E-9	-	NR	-	"0.05150999 unit decrease"	[0.034-0.069]	TNS1	"Primary open angle glaucoma (MTAG)"	"open-angle glaucoma"	-	GCST90310210	2:217802649	37386247	"Han X"
rs11687981-T	1E-8	-	NR	-	"0.060667034 unit decrease"	[0.04-0.082]	MFF-DT	"Primary open angle glaucoma (MTAG)"	"open-angle glaucoma"	-	GCST90310210	2:227320828	37386247	"Han X"
rs7565034-T	6E-10	-	NR	-	"0.07033634 unit decrease"	[0.048-0.093]	SPTBN1,C2orf73	"Primary open angle glaucoma (MTAG)"	"open-angle glaucoma"	-	GCST90310210	2:54419715	37386247	"Han X"
rs2627761-T	2E-14	-	NR	-	"0.084755294 unit decrease"	[0.063-0.106]	PNPT1,EFEMP1	"Primary open angle glaucoma (MTAG)"	"open-angle glaucoma"	-	GCST90310210	2:55705879	37386247	"Han X"
rs17047290-T	2E-9	-	NR	-	"0.07402575 unit decrease"	[0.05-0.098]	EFEMP1	"Primary open angle glaucoma (MTAG)"	"open-angle glaucoma"	-	GCST90310210	2:55878799	37386247	"Han X"
rs4588174-A	2E-19	-	NR	-	"0.08057446 unit increase"	[0.063-0.098]	LINC02934,MIR4778	"Primary open angle glaucoma (MTAG)"	"open-angle glaucoma"	-	GCST90310210	2:66310227	37386247	"Han X"
rs6732795-A	3E-14	-	NR	-	"0.06637404 unit decrease"	[0.049-0.083]	ANTXR1	"Primary open angle glaucoma (MTAG)"	"open-angle glaucoma"	-	GCST90310210	2:69184385	37386247	"Han X"
rs12613800-A	1E-8	-	NR	-	"0.04893791 unit increase"	[0.032-0.066]	ZNF638	"Primary open angle glaucoma (MTAG)"	"open-angle glaucoma"	-	GCST90310210	2:71424809	37386247	"Han X"
rs57161291-A	7E-13	-	NR	-	"0.067416154 unit increase"	[0.049-0.086]	FLNB	"Primary open angle glaucoma (MTAG)"	"open-angle glaucoma"	-	GCST90310210	3:58025692	37386247	"Han X"
rs7629637-C	2E-21	-	NR	-	"0.08830969 unit decrease"	[0.07-0.106]	RPL21P41,KBTBD8	"Primary open angle glaucoma (MTAG)"	"open-angle glaucoma"	-	GCST90310210	3:66812641	37386247	"Han X"
rs34201102-A	3E-23	-	NR	-	"0.086238906 unit increase"	[0.069-0.103]	CADM2	"Primary open angle glaucoma (MTAG)"	"open-angle glaucoma"	-	GCST90310210	3:85088348	37386247	"Han X"
rs9875836-T	3E-11	-	NR	-	"0.057318453 unit decrease"	[0.04-0.074]	CSNKA2IP	"Primary open angle glaucoma (MTAG)"	"open-angle glaucoma"	-	GCST90310210	3:88360384	37386247	"Han X"
rs4928176-A	7E-13	-	NR	-	"0.062295463 unit increase"	[0.045-0.079]	LINC00973	"Primary open angle glaucoma (MTAG)"	"open-angle glaucoma"	-	GCST90310210	3:99253991	37386247	"Han X"
rs73134321-A	1E-9	-	NR	-	"0.09482802 unit decrease"	[0.064-0.125]	ARHGEF28P1,COL8A1	"Primary open angle glaucoma (MTAG)"	"open-angle glaucoma"	-	GCST90310210	3:99517674	37386247	"Han X"
rs142287284-T	2E-8	-	NR	-	"0.063244455 unit increase"	[0.041-0.085]	ABI3BP	"Primary open angle glaucoma (MTAG)"	"open-angle glaucoma"	-	GCST90310210	3:100908811	37386247	"Han X"
rs6437582-A	1E-11	-	NR	-	"0.059391793 unit decrease"	[0.042-0.077]	EZRP1,ALCAM	"Primary open angle glaucoma (MTAG)"	"open-angle glaucoma"	-	GCST90310210	3:105354628	37386247	"Han X"
rs893830-A	1E-11	-	NR	-	"0.07782608 unit increase"	[0.055-0.1]	KALRN	"Primary open angle glaucoma (MTAG)"	"open-angle glaucoma"	-	GCST90310210	3:124714703	37386247	"Han X"
rs60340844-A	5E-9	-	NR	-	"0.07463845 unit increase"	[0.05-0.1]	PLXND1	"Primary open angle glaucoma (MTAG)"	"open-angle glaucoma"	-	GCST90310210	3:129555971	37386247	"Han X"
rs11710845-T	3E-10	-	NR	-	"0.062425666 unit decrease"	[0.043-0.082]	LINC01214	"Primary open angle glaucoma (MTAG)"	"open-angle glaucoma"	-	GCST90310210	3:150347493	37386247	"Han X"
rs13090630-T	6E-13	-	NR	-	"0.08635871 unit increase"	[0.063-0.11]	MECOM	"Primary open angle glaucoma (MTAG)"	"open-angle glaucoma"	-	GCST90310210	3:169200231	37386247	"Han X"
rs9816799-T	7E-14	-	NR	-	"0.06416379 unit decrease"	[0.047-0.081]	MECOM	"Primary open angle glaucoma (MTAG)"	"open-angle glaucoma"	-	GCST90310210	3:169504983	37386247	"Han X"
rs11589479-A	9E-9	-	NR	-	"0.06711521 unit decrease"	[0.044-0.09]	ADAM15	"Primary open angle glaucoma (MTAG)"	"open-angle glaucoma"	-	GCST90310210	1:155060832	37386247	"Han X"
rs62283811-T	6E-16	-	NR	-	"0.15313452 unit increase"	[0.12-0.19]	FNDC3B	"Primary open angle glaucoma (MTAG)"	"open-angle glaucoma"	-	GCST90310210	3:172103100	37386247	"Han X"
rs59795179-A	4E-8	-	NR	-	"0.0508843 unit increase"	[0.033-0.069]	TSEN15,Y_RNA	"Primary open angle glaucoma (MTAG)"	"open-angle glaucoma"	-	GCST90310210	1:184168028	37386247	"Han X"
rs34323411-A	1E-8	-	NR	-	"0.058134586 unit increase"	[0.038-0.078]	DGKG	"Primary open angle glaucoma (MTAG)"	"open-angle glaucoma"	-	GCST90310210	3:186341593	37386247	"Han X"
rs10993832-A	4E-12	-	NR	-	"0.07651249 unit decrease"	[0.055-0.098]	VAV2	"Primary open angle glaucoma (MTAG)"	"open-angle glaucoma"	-	GCST90310210	9:133858010	37386247	"Han X"
rs4749990-C	2E-12	-	NR	-	"0.0636542 unit decrease"	[0.046-0.081]	CELF2	"Primary open angle glaucoma (MTAG)"	"open-angle glaucoma"	-	GCST90310210	10:10817456	37386247	"Han X"
rs4748988-T	2E-9	-	NR	-	"0.052319016 unit decrease"	[0.035-0.069]	ARHGAP21,PRTFDC1	"Primary open angle glaucoma (MTAG)"	"open-angle glaucoma"	-	GCST90310210	10:24833650	37386247	"Han X"
rs1649082-A	5E-27	-	NR	-	"0.09219449 unit increase"	[0.075-0.109]	BICC1	"Primary open angle glaucoma (MTAG)"	"open-angle glaucoma"	-	GCST90310210	10:58532674	37386247	"Han X"
rs2637250-T	7E-10	-	NR	-	"0.05293515 unit increase"	[0.036-0.07]	LRMDA	"Primary open angle glaucoma (MTAG)"	"open-angle glaucoma"	-	GCST90310210	10:76522305	37386247	"Han X"
rs3120976-A	3E-8	-	NR	-	"0.05032875 unit increase"	[0.033-0.068]	MAT1A,EIF5AP4	"Primary open angle glaucoma (MTAG)"	"open-angle glaucoma"	-	GCST90310210	10:80265926	37386247	"Han X"
rs4919038-T	8E-10	-	NR	-	"0.05258272 unit increase"	[0.036-0.069]	EXOC6	"Primary open angle glaucoma (MTAG)"	"open-angle glaucoma"	-	GCST90310210	10:93011758	37386247	"Han X"
rs11187315-A	3E-13	-	NR	-	"0.063384585 unit increase"	[0.046-0.08]	XRCC6P1,NIP7P1	"Primary open angle glaucoma (MTAG)"	"open-angle glaucoma"	-	GCST90310210	10:93185106	37386247	"Han X"
rs57866767-T	2E-20	-	NR	-	"0.079379134 unit decrease"	[0.063-0.096]	PLCE1	"Primary open angle glaucoma (MTAG)"	"open-angle glaucoma"	-	GCST90310210	10:94263320	37386247	"Han X"
rs2104598-A	4E-11	-	NR	-	"0.05677174 unit increase"	[0.04-0.074]	TCF7L2	"Primary open angle glaucoma (MTAG)"	"open-angle glaucoma"	-	GCST90310210	10:112955839	37386247	"Han X"
rs3095122-A	2E-11	-	NR	-	"0.058214847 unit decrease"	[0.041-0.075]	HSPA12A	"Primary open angle glaucoma (MTAG)"	"open-angle glaucoma"	-	GCST90310210	10:116791252	37386247	"Han X"
rs12764880-T	2E-8	-	NR	-	"0.048568208 unit decrease"	[0.032-0.065]	ABRAXAS2,EEF1AKMT2	"Primary open angle glaucoma (MTAG)"	"open-angle glaucoma"	-	GCST90310210	10:124797874	37386247	"Han X"
rs10492-T	4E-8	-	NR	-	"0.061863564 unit increase"	[0.04-0.084]	TSPAN4	"Primary open angle glaucoma (MTAG)"	"open-angle glaucoma"	-	GCST90310210	11:866920	37386247	"Han X"
rs4141194-A	4E-19	-	NR	-	"0.084021285 unit increase"	[0.066-0.102]	PLEKHA7	"Primary open angle glaucoma (MTAG)"	"open-angle glaucoma"	-	GCST90310210	11:16989629	37386247	"Han X"
rs7931440-T	1E-9	-	NR	-	"0.05285922 unit decrease"	[0.036-0.07]	METTL15,LINC02758	"Primary open angle glaucoma (MTAG)"	"open-angle glaucoma"	-	GCST90310210	11:28602326	37386247	"Han X"
rs9666712-C	1E-9	-	NR	-	"0.087787285 unit decrease"	[0.06-0.116]	TSPAN18	"Primary open angle glaucoma (MTAG)"	"open-angle glaucoma"	-	GCST90310210	11:44834112	37386247	"Han X"
rs10160502-T	1E-10	-	NR	-	"0.11188165 unit increase"	[0.078-0.146]	LINC02687	"Primary open angle glaucoma (MTAG)"	"open-angle glaucoma"	-	GCST90310210	11:45355265	37386247	"Han X"
rs3740689-A	4E-21	-	NR	-	"0.08215315 unit decrease"	[0.065-0.099]	SPI1	"Primary open angle glaucoma (MTAG)"	"open-angle glaucoma"	-	GCST90310210	11:47359042	37386247	"Han X"
rs11530219-T	5E-12	-	NR	-	"0.08718153 unit increase"	[0.062-0.112]	OR4C2P,OR4C5	"Primary open angle glaucoma (MTAG)"	"open-angle glaucoma"	-	GCST90310210	11:48404415	37386247	"Han X"
rs2030085-C	4E-9	-	NR	-	"0.0740171 unit decrease"	[0.049-0.099]	TYRL,GRM5P1	"Primary open angle glaucoma (MTAG)"	"open-angle glaucoma"	-	GCST90310210	11:49537211	37386247	"Han X"
rs4469889-T	1E-8	-	NR	-	"0.07285479 unit increase"	[0.048-0.098]	OR4C50P,LINC02750	"Primary open angle glaucoma (MTAG)"	"open-angle glaucoma"	-	GCST90310210	11:50696611	37386247	"Han X"
rs78356885-A	2E-8	-	NR	-	"0.10569017 unit increase"	[0.069-0.143]	OR4C16,OR4C11	"Primary open angle glaucoma (MTAG)"	"open-angle glaucoma"	-	GCST90310210	11:55594635	37386247	"Han X"
rs592785-T	3E-14	-	NR	-	"0.0661388 unit decrease"	[0.049-0.083]	OR5BA1P,OR5AZ1P	"Primary open angle glaucoma (MTAG)"	"open-angle glaucoma"	-	GCST90310210	11:57899139	37386247	"Han X"
rs12667675-A	2E-8	-	NR	-	"0.06780289 unit increase"	[0.044-0.092]	RELN	"Primary open angle glaucoma (MTAG)"	"open-angle glaucoma"	-	GCST90310210	7:103984366	37386247	"Han X"
rs2896175-A	2E-26	-	NR	-	"0.09302001 unit increase"	[0.076-0.11]	TFEC,TES	"Primary open angle glaucoma (MTAG)"	"open-angle glaucoma"	-	GCST90310210	7:116171382	37386247	"Han X"
rs10233003-A	1E-64	-	NR	-	"0.16271465 unit increase"	[0.14-0.18]	CAV2	"Primary open angle glaucoma (MTAG)"	"open-angle glaucoma"	-	GCST90310210	7:116503608	37386247	"Han X"
rs17135357-A	2E-30	-	NR	-	"0.14052348 unit decrease"	[0.12-0.16]	EXOC2	"Primary open angle glaucoma (MTAG)"	"open-angle glaucoma"	-	GCST90310210	6:602983	37386247	"Han X"
rs2745572-A	9E-52	-	NR	-	"0.1375909 unit increase"	[0.12-0.16]	FOXCUT,ELF2P2	"Primary open angle glaucoma (MTAG)"	"open-angle glaucoma"	-	GCST90310210	6:1548134	37386247	"Han X"
rs3778519-T	6E-20	-	NR	-	"0.08694132 unit decrease"	[0.068-0.106]	GMDS	"Primary open angle glaucoma (MTAG)"	"open-angle glaucoma"	-	GCST90310210	6:1771278	37386247	"Han X"
rs56226194-T	2E-31	-	NR	-	"0.14482911 unit increase"	[0.12-0.17]	GMDS	"Primary open angle glaucoma (MTAG)"	"open-angle glaucoma"	-	GCST90310210	6:1963520	37386247	"Han X"
rs407238-C	5E-12	-	NR	-	"0.061101954 unit decrease"	[0.044-0.078]	POLR1HASP,HLA-G	"Primary open angle glaucoma (MTAG)"	"open-angle glaucoma"	-	GCST90310210	6:29839124	37386247	"Han X"
rs2261033-A	1E-8	-	NR	-	"0.04943855 unit decrease"	[0.032-0.066]	PRRC2A	"Primary open angle glaucoma (MTAG)"	"open-angle glaucoma"	-	GCST90310210	6:31635814	37386247	"Han X"
rs10947614-C	2E-15	-	NR	-	"0.08109011 unit increase"	[0.061-0.101]	SRSF3,MIR3925	"Primary open angle glaucoma (MTAG)"	"open-angle glaucoma"	-	GCST90310210	6:36606045	37386247	"Han X"
rs2815114-A	6E-11	-	NR	-	"0.056695886 unit decrease"	[0.04-0.074]	KCNK5	"Primary open angle glaucoma (MTAG)"	"open-angle glaucoma"	-	GCST90310210	6:39217829	37386247	"Han X"
rs1755056-A	1E-8	-	NR	-	"0.05176511 unit decrease"	[0.034-0.069]	RUNX2	"Primary open angle glaucoma (MTAG)"	"open-angle glaucoma"	-	GCST90310210	6:45554923	37386247	"Han X"
rs2027275-A	3E-12	-	NR	-	"0.061670613 unit decrease"	[0.044-0.079]	CLIC5	"Primary open angle glaucoma (MTAG)"	"open-angle glaucoma"	-	GCST90310210	6:45966416	37386247	"Han X"
rs2206277-T	5E-17	-	NR	-	"0.09194046 unit increase"	[0.07-0.113]	TFAP2B	"Primary open angle glaucoma (MTAG)"	"open-angle glaucoma"	-	GCST90310210	6:50830813	37386247	"Han X"
rs17752199-A	2E-35	-	NR	-	"0.17589974 unit increase"	[0.15-0.2]	RPS15AP20,PKHD1	"Primary open angle glaucoma (MTAG)"	"open-angle glaucoma"	-	GCST90310210	6:51542050	37386247	"Han X"
rs1896970-T	2E-9	-	NR	-	"0.05300925 unit increase"	[0.036-0.07]	PKHD1	"Primary open angle glaucoma (MTAG)"	"open-angle glaucoma"	-	GCST90310210	6:52015993	37386247	"Han X"
rs3012536-C	2E-8	-	NR	-	"0.04813282 unit decrease"	[0.031-0.065]	CD109,TXNP7	"Primary open angle glaucoma (MTAG)"	"open-angle glaucoma"	-	GCST90310210	6:73978807	37386247	"Han X"
rs9320840-A	7E-11	-	NR	-	"0.087340645 unit decrease"	[0.061-0.114]	HMGB3P18,RPL23AP48	"Primary open angle glaucoma (MTAG)"	"open-angle glaucoma"	-	GCST90310210	6:121737578	37386247	"Han X"
rs928010-A	3E-9	-	NR	-	"0.051310804 unit increase"	[0.034-0.068]	RNU1-18P,HSF2	"Primary open angle glaucoma (MTAG)"	"open-angle glaucoma"	-	GCST90310210	6:122248964	37386247	"Han X"
rs2811680-A	5E-11	-	NR	-	"0.056287095 unit increase"	[0.04-0.073]	HMGA1P7,SLC2A12	"Primary open angle glaucoma (MTAG)"	"open-angle glaucoma"	-	GCST90310210	6:134056080	37386247	"Han X"
rs9494457-A	2E-29	-	NR	-	"0.099641435 unit decrease"	[0.082-0.117]	PDE7B-AS1,PDE7B	"Primary open angle glaucoma (MTAG)"	"open-angle glaucoma"	-	GCST90310210	6:136153656	37386247	"Han X"
rs9364973-T	1E-12	-	NR	-	"0.06731823 unit decrease"	[0.049-0.086]	TMEM181	"Primary open angle glaucoma (MTAG)"	"open-angle glaucoma"	-	GCST90310210	6:158554684	37386247	"Han X"
rs2935072-T	2E-12	-	NR	-	"0.0920489 unit increase"	[0.067-0.118]	LINC00574,RPL12P23	"Primary open angle glaucoma (MTAG)"	"open-angle glaucoma"	-	GCST90310210	6:170145688	37386247	"Han X"
rs12699251-A	7E-16	-	NR	-	"0.06994286 unit decrease"	[0.053-0.087]	THSD7A	"Primary open angle glaucoma (MTAG)"	"open-angle glaucoma"	-	GCST90310210	7:11639486	37386247	"Han X"
rs10281102-A	3E-8	-	NR	-	"0.075570956 unit increase"	[0.049-0.102]	JAZF1-AS1	"Primary open angle glaucoma (MTAG)"	"open-angle glaucoma"	-	GCST90310210	7:28203854	37386247	"Han X"
rs1544557-A	8E-10	-	NR	-	"0.05651477 unit increase"	[0.039-0.075]	BBS9	"Primary open angle glaucoma (MTAG)"	"open-angle glaucoma"	-	GCST90310210	7:33469318	37386247	"Han X"
rs7787132-A	4E-10	-	NR	-	"0.086354785 unit increase"	[0.059-0.113]	SEPTIN7,RNU6-1085P	"Primary open angle glaucoma (MTAG)"	"open-angle glaucoma"	-	GCST90310210	7:35908275	37386247	"Han X"
rs10248136-T	2E-13	-	NR	-	"0.06269528 unit increase"	[0.046-0.079]	POU6F2	"Primary open angle glaucoma (MTAG)"	"open-angle glaucoma"	-	GCST90310210	7:39037797	37386247	"Han X"
rs73111535-A	5E-15	-	NR	-	"0.13658419 unit decrease"	[0.1-0.17]	LYPLAL1-DT	"Primary open angle glaucoma (MTAG)"	"open-angle glaucoma"	-	GCST90310210	1:219049508	37386247	"Han X"
rs6771736-C	7E-11	-	NR	-	"0.0639433 unit decrease"	[0.045-0.083]	LPP	"Primary open angle glaucoma (MTAG)"	"open-angle glaucoma"	-	GCST90310210	3:188348649	37386247	"Han X"
rs945211-C	1E-8	-	NR	-	"0.050935797 unit increase"	[0.033-0.069]	COL16A1,ADGRB2	"Primary open angle glaucoma (MTAG)"	"open-angle glaucoma"	-	GCST90310210	1:31726197	37386247	"Han X"
rs9330348-C	3E-78	-	NR	-	"0.16157703 unit increase"	[0.14-0.18]	AFAP1	"Primary open angle glaucoma (MTAG)"	"open-angle glaucoma"	-	GCST90310210	4:7882160	37386247	"Han X"
rs10796912-A	1E-14	-	NR	-	"0.06594809 unit increase"	[0.049-0.083]	RSPO1	"Primary open angle glaucoma (MTAG)"	"open-angle glaucoma"	-	GCST90310210	1:37625925	37386247	"Han X"
rs7680754-A	2E-10	-	NR	-	"0.057329748 unit decrease"	[0.04-0.075]	GSX2,RPL22P13	"Primary open angle glaucoma (MTAG)"	"open-angle glaucoma"	-	GCST90310210	4:54123378	37386247	"Han X"
rs659437-T	4E-8	-	NR	-	"0.06421598 unit decrease"	[0.041-0.087]	NASP,AKR1A1	"Primary open angle glaucoma (MTAG)"	"open-angle glaucoma"	-	GCST90310210	1:45571722	37386247	"Han X"
rs10024506-C	1E-8	-	NR	-	"0.05645906 unit decrease"	[0.037-0.076]	FAM13A	"Primary open angle glaucoma (MTAG)"	"open-angle glaucoma"	-	GCST90310210	4:88843046	37386247	"Han X"
rs11206194-A	6E-12	-	NR	-	"0.060375124 unit decrease"	[0.043-0.078]	GLIS1	"Primary open angle glaucoma (MTAG)"	"open-angle glaucoma"	-	GCST90310210	1:53697398	37386247	"Han X"
rs479445-A	4E-9	-	NR	-	"0.05381966 unit decrease"	[0.036-0.072]	NFIA	"Primary open angle glaucoma (MTAG)"	"open-angle glaucoma"	-	GCST90310210	1:60875960	37386247	"Han X"
rs4076000-A	9E-18	-	NR	-	"0.074442245 unit increase"	[0.057-0.091]	COX6B1P7,ELOCP18	"Primary open angle glaucoma (MTAG)"	"open-angle glaucoma"	-	GCST90310210	1:68371486	37386247	"Han X"
rs6697461-A	5E-13	-	NR	-	"0.10770097 unit decrease"	[0.078-0.137]	COL24A1	"Primary open angle glaucoma (MTAG)"	"open-angle glaucoma"	-	GCST90310210	1:86117554	37386247	"Han X"
rs12139208-T	1E-11	-	NR	-	"0.059482675 unit increase"	[0.042-0.077]	PKN2-AS1	"Primary open angle glaucoma (MTAG)"	"open-angle glaucoma"	-	GCST90310210	1:87747331	37386247	"Han X"
rs4658101-A	3E-27	-	NR	-	"0.11762208 unit increase"	[0.096-0.139]	HSP90B3P,WDR82P2	"Primary open angle glaucoma (MTAG)"	"open-angle glaucoma"	-	GCST90310210	1:91611852	37386247	"Han X"
rs7525880-C	3E-10	-	NR	-	"0.06731899 unit increase"	[0.046-0.088]	BCAR3	"Primary open angle glaucoma (MTAG)"	"open-angle glaucoma"	-	GCST90310210	1:93566431	37386247	"Han X"
rs34202160-T	3E-16	-	NR	-	"0.07306432 unit decrease"	[0.056-0.091]	LINC01349	"Primary open angle glaucoma (MTAG)"	"open-angle glaucoma"	-	GCST90310210	1:100637117	37386247	"Han X"
rs993471-A	3E-11	-	NR	-	"0.058010753 unit decrease"	[0.041-0.075]	COL11A1	"Primary open angle glaucoma (MTAG)"	"open-angle glaucoma"	-	GCST90310210	1:102919817	37386247	"Han X"
rs2274568-A	1E-8	-	NR	-	"0.04923731 unit decrease"	[0.032-0.066]	ALX3,STRIP1	"Primary open angle glaucoma (MTAG)"	"open-angle glaucoma"	-	GCST90310210	1:110070303	37386247	"Han X"
rs12406530-A	7E-14	-	NR	-	"0.077874996 unit decrease"	[0.057-0.098]	ST7L	"Primary open angle glaucoma (MTAG)"	"open-angle glaucoma"	-	GCST90310210	1:112574591	37386247	"Han X"
rs67807996-A	3E-8	-	NR	-	"0.04953514 unit decrease"	[0.032-0.067]	RPL6P31,OTUD7B	"Primary open angle glaucoma (MTAG)"	"open-angle glaucoma"	-	GCST90310210	1:150023307	37386247	"Han X"
rs73174388-T	6E-9	-	NR	-	"0.101069644 unit increase"	[0.067-0.135]	MECOM	"Primary open angle glaucoma (MTAG)"	"open-angle glaucoma"	-	GCST90310210	3:169628036	37386247	"Han X"
rs4657477-T	8E-141	-	NR	-	"0.3191659 unit decrease"	[0.29-0.34]	TMCO1	"Primary open angle glaucoma (MTAG)"	"open-angle glaucoma"	-	GCST90310210	1:165766938	37386247	"Han X"
rs6445055-A	3E-15	-	NR	-	"0.08940626 unit decrease"	[0.067-0.112]	FNDC3B	"Primary open angle glaucoma (MTAG)"	"open-angle glaucoma"	-	GCST90310210	3:172274597	37386247	"Han X"
rs3767392-T	9E-9	-	NR	-	"0.04954472 unit decrease"	[0.033-0.066]	PPP1R12B	"Primary open angle glaucoma (MTAG)"	"open-angle glaucoma"	-	GCST90310210	1:202577973	37386247	"Han X"
rs1481345-T	4E-8	-	NR	-	"0.04764407 unit increase"	[0.031-0.065]	U3,NXNP1	"Primary open angle glaucoma (MTAG)"	"open-angle glaucoma"	-	GCST90310210	1:218654513	37386247	"Han X"
rs327718-A	1E-17	-	NR	-	"0.07439675 unit decrease"	[0.057-0.091]	EIF4EP4,SEMA3C	"Primary open angle glaucoma (MTAG)"	"open-angle glaucoma"	-	GCST90310210	7:81210337	37386247	"Han X"
rs4577906-C	7E-10	-	NR	-	"0.053124286 unit decrease"	[0.036-0.07]	PCLO,SEMA3E	"Primary open angle glaucoma (MTAG)"	"open-angle glaucoma"	-	GCST90310210	7:83325861	37386247	"Han X"
rs302118-C	4E-9	-	NR	-	"0.05271033 unit increase"	[0.035-0.07]	SEMA3E	"Primary open angle glaucoma (MTAG)"	"open-angle glaucoma"	-	GCST90310210	7:83646310	37386247	"Han X"
rs497536-A	2E-9	-	NR	-	"0.07016132 unit decrease"	[0.047-0.093]	RELN	"Primary open angle glaucoma (MTAG)"	"open-angle glaucoma"	-	GCST90310210	7:103747551	37386247	"Han X"
rs11229532-T	6E-9	-	NR	-	"0.072661795 unit decrease"	[0.048-0.097]	LPXN	"Primary open angle glaucoma (MTAG)"	"open-angle glaucoma"	-	GCST90310210	11:58574877	37386247	"Han X"
rs1346-A	2E-27	-	NR	-	"0.11942159 unit increase"	[0.098-0.141]	ZNRD2-DT	"Primary open angle glaucoma (MTAG)"	"open-angle glaucoma"	-	GCST90310210	11:65569780	37386247	"Han X"
rs7784849-A	5E-20	-	NR	-	"0.079132326 unit decrease"	[0.062-0.096]	LSM8,CTTNBP2	"Primary open angle glaucoma (MTAG)"	"open-angle glaucoma"	-	GCST90310210	7:117971196	37386247	"Han X"
rs4128399-T	8E-9	-	NR	-	"0.06752219 unit decrease"	[0.045-0.09]	PRKAG2	"Primary open angle glaucoma (MTAG)"	"open-angle glaucoma"	-	GCST90310210	7:151801593	37386247	"Han X"
rs35220810-A	3E-12	-	NR	-	"0.060574844 unit decrease"	[0.044-0.078]	GTF2E2	"Primary open angle glaucoma (MTAG)"	"open-angle glaucoma"	-	GCST90310210	8:30595214	37386247	"Han X"
rs12679053-A	6E-9	-	NR	-	"0.049797744 unit increase"	[0.033-0.067]	PURG	"Primary open angle glaucoma (MTAG)"	"open-angle glaucoma"	-	GCST90310210	8:31009255	37386247	"Han X"
rs7818353-A	7E-12	-	NR	-	"0.06058293 unit decrease"	[0.043-0.078]	PKIA-AS1,HIGD1AP18	"Primary open angle glaucoma (MTAG)"	"open-angle glaucoma"	-	GCST90310210	8:78060591	37386247	"Han X"
rs16875168-T	1E-9	-	NR	-	"0.055536713 unit decrease"	[0.038-0.074]	HMGB1P46,ABRA	"Primary open angle glaucoma (MTAG)"	"open-angle glaucoma"	-	GCST90310210	8:106828977	37386247	"Han X"
rs141601750-T	1E-9	-	NR	-	"0.10945601 unit increase"	[0.074-0.145]	ABRA,HMGB1P46	"Primary open angle glaucoma (MTAG)"	"open-angle glaucoma"	-	GCST90310210	8:107004291	37386247	"Han X"
rs2022945-A	5E-36	-	NR	-	"0.16283181 unit decrease"	[0.14-0.19]	HMGB1P46,ANGPT1	"Primary open angle glaucoma (MTAG)"	"open-angle glaucoma"	-	GCST90310210	8:107238911	37386247	"Han X"
rs76173235-T	5E-9	-	NR	-	"0.06424709 unit increase"	[0.043-0.086]	ANGPT1	"Primary open angle glaucoma (MTAG)"	"open-angle glaucoma"	-	GCST90310210	8:107386374	37386247	"Han X"
rs62525274-T	3E-8	-	NR	-	"0.06277148 unit decrease"	[0.041-0.085]	HAS2-AS1	"Primary open angle glaucoma (MTAG)"	"open-angle glaucoma"	-	GCST90310210	8:121791454	37386247	"Han X"
rs17254069-T	1E-19	-	NR	-	"0.15646082 unit decrease"	[0.12-0.19]	RN7SKP155,FBXO32	"Primary open angle glaucoma (MTAG)"	"open-angle glaucoma"	-	GCST90310210	8:123580226	37386247	"Han X"
rs1556492-A	4E-8	-	NR	-	"0.052281614 unit increase"	[0.034-0.071]	LINC01235,LINC00583	"Primary open angle glaucoma (MTAG)"	"open-angle glaucoma"	-	GCST90310210	9:13735898	37386247	"Han X"
rs6475604-T	2E-148	-	NR	-	"0.22508699 unit decrease"	[0.21-0.24]	CDKN2B-AS1	"Primary open angle glaucoma (MTAG)"	"open-angle glaucoma"	-	GCST90310210	9:22052735	37386247	"Han X"
rs10869665-T	8E-14	-	NR	-	"0.06963982 unit decrease"	[0.051-0.088]	PCSK5	"Primary open angle glaucoma (MTAG)"	"open-angle glaucoma"	-	GCST90310210	9:75904083	37386247	"Han X"
rs2472494-T	2E-101	-	NR	-	"0.18343532 unit increase"	[0.17-0.2]	ABCA1,CT70	"Primary open angle glaucoma (MTAG)"	"open-angle glaucoma"	-	GCST90310210	9:104933258	37386247	"Han X"
rs2275241-A	4E-57	-	NR	-	"0.14282784 unit decrease"	[0.13-0.16]	LMX1B-DT	"Primary open angle glaucoma (MTAG)"	"open-angle glaucoma"	-	GCST90310210	9:126608297	37386247	"Han X"
rs1974291-A	5E-18	-	NR	-	"0.074080646 unit increase"	[0.057-0.091]	RALGPS1,ANGPTL2	"Primary open angle glaucoma (MTAG)"	"open-angle glaucoma"	-	GCST90310210	9:127111816	37386247	"Han X"
rs187099314-T	3E-17	-	NR	-	"0.15051022 unit increase"	[0.12-0.19]	ABO	"Primary open angle glaucoma (MTAG)"	"open-angle glaucoma"	-	GCST90310210	9:133255354	37386247	"Han X"
rs150160188-A	1E-8	-	NR	-	"0.2608109 unit increase"	[0.17-0.35]	DIRC3	"Primary open angle glaucoma (MTAG)"	"open-angle glaucoma"	-	GCST90310210	2:217620158	37386247	"Han X"
rs163524-A	6E-10	-	NR	-	"0.06842827 unit increase"	[0.047-0.09]	LINC01833	"Primary open angle glaucoma (MTAG)"	"open-angle glaucoma"	-	GCST90310210	2:44930414	37386247	"Han X"
rs687914-T	9E-10	-	NR	-	"0.061592143 unit decrease"	[0.042-0.081]	PRKCE	"Primary open angle glaucoma (MTAG)"	"open-angle glaucoma"	-	GCST90310210	2:45651621	37386247	"Han X"
rs57435966-T	4E-8	-	NR	-	"0.08619478 unit decrease"	[0.055-0.117]	TRAF3IP1,RNU6-234P	"Primary open angle glaucoma (MTAG)"	"open-angle glaucoma"	-	GCST90310210	2:238402728	37386247	"Han X"
rs1286771-T	2E-15	-	NR	-	"0.10187744 unit increase"	[0.077-0.127]	RARB	"Primary open angle glaucoma (MTAG)"	"open-angle glaucoma"	-	GCST90310210	3:25540021	37386247	"Han X"
rs11710720-A	4E-9	-	NR	-	"0.06160007 unit increase"	[0.041-0.082]	TRIM71,RPL23AP43	"Primary open angle glaucoma (MTAG)"	"open-angle glaucoma"	-	GCST90310210	3:32812514	37386247	"Han X"
rs9839427-A	4E-11	-	NR	-	"0.059954226 unit decrease"	[0.042-0.078]	GNAI2,SEMA3B-AS1	"Primary open angle glaucoma (MTAG)"	"open-angle glaucoma"	-	GCST90310210	3:50264152	37386247	"Han X"
rs7636889-A	3E-9	-	NR	-	"0.059645474 unit increase"	[0.04-0.079]	ARHGEF3	"Primary open angle glaucoma (MTAG)"	"open-angle glaucoma"	-	GCST90310210	3:56840005	37386247	"Han X"
rs72818971-T	7E-10	-	NR	-	"0.07577232 unit increase"	[0.052-0.1]	NPAS2	"Primary open angle glaucoma (MTAG)"	"open-angle glaucoma"	-	GCST90310210	2:100986287	37386247	"Han X"
rs9308689-T	2E-11	-	NR	-	"0.061183993 unit decrease"	[0.043-0.079]	ACOXL	"Primary open angle glaucoma (MTAG)"	"open-angle glaucoma"	-	GCST90310210	2:110881198	37386247	"Han X"
rs72823439-T	2E-8	-	NR	-	"0.059197597 unit increase"	[0.039-0.08]	ANAPC1	"Primary open angle glaucoma (MTAG)"	"open-angle glaucoma"	-	GCST90310210	2:111732751	37386247	"Han X"
rs6434068-C	3E-39	-	NR	-	"0.112866044 unit increase"	[0.096-0.13]	FMNL2	"Primary open angle glaucoma (MTAG)"	"open-angle glaucoma"	-	GCST90310210	2:152501027	37386247	"Han X"
rs12613876-T	5E-11	-	NR	-	"0.059972513 unit increase"	[0.042-0.078]	SLC40A1,KDM3AP1	"Primary open angle glaucoma (MTAG)"	"open-angle glaucoma"	-	GCST90310210	2:189488040	37386247	"Han X"
rs12477797-A	5E-9	-	NR	-	"0.059512716 unit decrease"	[0.04-0.079]	PARD3B	"Primary open angle glaucoma (MTAG)"	"open-angle glaucoma"	-	GCST90310210	2:205126433	37386247	"Han X"
rs4307771-A	9E-13	-	NR	-	"0.089960024 unit increase"	[0.065-0.115]	MIR4776-2,PCED1CP	"Primary open angle glaucoma (MTAG)"	"open-angle glaucoma"	-	GCST90310210	2:212859095	37386247	"Han X"
rs7710292-T	8E-10	-	NR	-	"0.052725002 unit decrease"	[0.036-0.07]	ZNF366	"Primary open angle glaucoma (MTAG)"	"open-angle glaucoma"	-	GCST90310210	5:72445963	37386247	"Han X"
rs17421627-T	8E-9	-	NR	-	"0.09349312 unit decrease"	[0.062-0.125]	MIR9-2HG	"Primary open angle glaucoma (MTAG)"	"open-angle glaucoma"	-	GCST90310210	5:88551768	37386247	"Han X"
rs73220177-A	5E-8	-	NR	-	"0.089924246 unit decrease"	[0.058-0.122]	FBXL17,LINC01023	"Primary open angle glaucoma (MTAG)"	"open-angle glaucoma"	-	GCST90310210	5:108710999	37386247	"Han X"
rs3909355-T	2E-9	-	NR	-	"0.075423285 unit increase"	[0.051-0.1]	RNU4-69P,RPL23AP44	"Primary open angle glaucoma (MTAG)"	"open-angle glaucoma"	-	GCST90310210	5:121319113	37386247	"Han X"
rs13164684-A	4E-9	-	NR	-	"0.09482461 unit increase"	[0.063-0.126]	MINAR2,CHSY3	"Primary open angle glaucoma (MTAG)"	"open-angle glaucoma"	-	GCST90310210	5:129766857	37386247	"Han X"
rs6876641-A	6E-10	-	NR	-	"0.0864561 unit decrease"	[0.059-0.114]	VDAC1,TCF7	"Primary open angle glaucoma (MTAG)"	"open-angle glaucoma"	-	GCST90310210	5:134058531	37386247	"Han X"
rs2288826-T	2E-8	-	NR	-	"0.05110876 unit increase"	[0.033-0.069]	JAKMIP2,JAKMIP2-AS1	"Primary open angle glaucoma (MTAG)"	"open-angle glaucoma"	-	GCST90310210	5:147686010	37386247	"Han X"
rs2235176-T	1E-10	-	NR	-	"0.063016556 unit decrease"	[0.044-0.082]	PRDM16	"Primary open angle glaucoma (MTAG)"	"open-angle glaucoma"	-	GCST90310210	1:3137542	37386247	"Han X"
rs17527016-T	4E-15	-	NR	-	"0.078870304 unit decrease"	[0.059-0.099]	RNU6-289P,LYPLA1P2	"Primary open angle glaucoma (MTAG)"	"open-angle glaucoma"	-	GCST90310210	4:111042563	37386247	"Han X"
rs78359867-A	3E-12	-	NR	-	"0.08406201 unit decrease"	[0.06-0.108]	SLC30A10,ZC3H11B	"Primary open angle glaucoma (MTAG)"	"open-angle glaucoma"	-	GCST90310210	1:219641363	37386247	"Han X"
rs4477888-T	4E-9	-	NR	-	"0.05447217 unit decrease"	[0.036-0.073]	MIR3681HG	"Primary open angle glaucoma (MTAG)"	"open-angle glaucoma"	-	GCST90310210	2:11989243	37386247	"Han X"
rs2113818-T	2E-15	-	NR	-	"0.06743566 unit increase"	[0.051-0.084]	TRIB2,LINC00276	"Primary open angle glaucoma (MTAG)"	"open-angle glaucoma"	-	GCST90310210	2:12750734	37386247	"Han X"
rs31916-A	4E-23	-	NR	-	"0.09425304 unit increase"	[0.076-0.113]	ANKH	"Primary open angle glaucoma (MTAG)"	"open-angle glaucoma"	-	GCST90310210	5:14814774	37386247	"Han X"
rs11742611-C	1E-9	-	NR	-	"0.052439608 unit increase"	[0.035-0.069]	PELO-AS1	"Primary open angle glaucoma (MTAG)"	"open-angle glaucoma"	-	GCST90310210	5:52767845	37386247	"Han X"
rs158653-A	8E-13	-	NR	-	"0.061191242 unit decrease"	[0.044-0.078]	PSMC1P4,RNU6ATAC2P	"Primary open angle glaucoma (MTAG)"	"open-angle glaucoma"	-	GCST90310210	5:56282834	37386247	"Han X"
rs3852139-T	4E-9	-	NR	-	"0.051194392 unit increase"	[0.034-0.068]	LINC01948	"Primary open angle glaucoma (MTAG)"	"open-angle glaucoma"	-	GCST90310210	5:56455087	37386247	"Han X"
rs2869011-T	9E-9	-	NR	-	"0.0454 unit decrease"	[0.03-0.061]	HSPE1P1,RN7SL680P	"Primary open angle glaucoma (multi-trait analysis)"	"open-angle glaucoma"	-	GCST90310211	20:39452336	37386247	"Han X"
rs2145943-A	8E-12	-	NR	-	"0.0535 unit increase"	[0.038-0.069]	LINC01370,HSPE1P1	"Primary open angle glaucoma (multi-trait analysis)"	"open-angle glaucoma"	-	GCST90310211	20:39934603	37386247	"Han X"
rs6124885-A	2E-8	-	NR	-	"0.0784 unit decrease"	[0.051-0.106]	EYA2	"Primary open angle glaucoma (multi-trait analysis)"	"open-angle glaucoma"	-	GCST90310211	20:46905414	37386247	"Han X"
rs2868848-A	2E-8	-	NR	-	"0.0462 unit increase"	[0.03-0.062]	EYA2	"Primary open angle glaucoma (multi-trait analysis)"	"open-angle glaucoma"	-	GCST90310211	20:47185401	37386247	"Han X"
rs910067-T	2E-11	-	NR	-	"0.0522 unit increase"	[0.037-0.067]	RN7SL636P,COX6CP2	"Primary open angle glaucoma (multi-trait analysis)"	"open-angle glaucoma"	-	GCST90310211	20:50441252	37386247	"Han X"
rs12373885-A	6E-10	-	NR	-	"0.0506 unit decrease"	[0.035-0.067]	TAF4	"Primary open angle glaucoma (multi-trait analysis)"	"open-angle glaucoma"	-	GCST90310211	20:61981337	37386247	"Han X"
rs13049669-A	2E-16	-	NR	-	"0.1131 unit decrease"	[0.086-0.14]	APP,GABPA	"Primary open angle glaucoma (multi-trait analysis)"	"open-angle glaucoma"	-	GCST90310211	21:25844528	37386247	"Han X"
rs461488-C	1E-11	-	NR	-	"0.0592 unit decrease"	[0.042-0.076]	ERG	"Primary open angle glaucoma (multi-trait analysis)"	"open-angle glaucoma"	-	GCST90310211	21:38653325	37386247	"Han X"
rs722792-T	2E-8	-	NR	-	"0.0524 unit decrease"	[0.034-0.071]	LINC02940	"Primary open angle glaucoma (multi-trait analysis)"	"open-angle glaucoma"	-	GCST90310211	21:39033048	37386247	"Han X"
rs390041-T	9E-10	-	NR	-	"0.0502 unit increase"	[0.034-0.066]	MICAL3	"Primary open angle glaucoma (multi-trait analysis)"	"open-angle glaucoma"	-	GCST90310211	22:17805596	37386247	"Han X"
rs8141610-T	3E-22	-	NR	-	"0.1169 unit decrease"	[0.093-0.14]	TXNRD2	"Primary open angle glaucoma (multi-trait analysis)"	"open-angle glaucoma"	-	GCST90310211	22:19882624	37386247	"Han X"
rs10212080-A	1E-9	-	NR	-	"0.0617 unit increase"	[0.042-0.081]	RNU6-225P,SCARF2	"Primary open angle glaucoma (multi-trait analysis)"	"open-angle glaucoma"	-	GCST90310211	22:20424157	37386247	"Han X"
rs4822983-T	3E-33	-	NR	-	"0.1049 unit decrease"	[0.088-0.122]	CHEK2	"Primary open angle glaucoma (multi-trait analysis)"	"open-angle glaucoma"	-	GCST90310211	22:28719078	37386247	"Han X"
rs9608740-A	6E-19	-	NR	-	"0.0912 unit decrease"	[0.071-0.111]	EMID1	"Primary open angle glaucoma (multi-trait analysis)"	"open-angle glaucoma"	-	GCST90310211	22:29224336	37386247	"Han X"
rs9608854-A	1E-8	-	NR	-	"0.0538 unit decrease"	[0.035-0.072]	OSM,LIF-AS2	"Primary open angle glaucoma (multi-trait analysis)"	"open-angle glaucoma"	-	GCST90310211	22:30256458	37386247	"Han X"
rs111710961-T	5E-10	-	NR	-	"0.1284 unit decrease"	[0.088-0.169]	SYN3	"Primary open angle glaucoma (multi-trait analysis)"	"open-angle glaucoma"	-	GCST90310211	22:32664858	37386247	"Han X"
rs5750494-T	1E-37	-	NR	-	"0.1037 unit increase"	[0.088-0.12]	TRIOBP,H1-0	"Primary open angle glaucoma (multi-trait analysis)"	"open-angle glaucoma"	-	GCST90310211	22:37780972	37386247	"Han X"
rs909509-A	4E-9	-	NR	-	"0.0526 unit decrease"	[0.035-0.07]	PRDM16	"Primary open angle glaucoma (multi-trait analysis)"	"open-angle glaucoma"	-	GCST90310211	1:3135057	37386247	"Han X"
rs159961-T	6E-13	-	NR	-	"0.0608 unit increase"	[0.044-0.077]	RERE	"Primary open angle glaucoma (multi-trait analysis)"	"open-angle glaucoma"	-	GCST90310211	1:8424168	37386247	"Han X"
rs6690264-A	1E-9	-	NR	-	"0.0487 unit decrease"	[0.033-0.064]	DHRS3,LINC02766	"Primary open angle glaucoma (multi-trait analysis)"	"open-angle glaucoma"	-	GCST90310211	1:12553392	37386247	"Han X"
rs2228552-T	2E-8	-	NR	-	"0.0464 unit increase"	[0.03-0.062]	COL16A1	"Primary open angle glaucoma (multi-trait analysis)"	"open-angle glaucoma"	-	GCST90310211	1:31699894	37386247	"Han X"
rs4652902-A	3E-17	-	NR	-	"0.0809 unit increase"	[0.062-0.1]	TRAPPC3	"Primary open angle glaucoma (multi-trait analysis)"	"open-angle glaucoma"	-	GCST90310211	1:36147354	37386247	"Han X"
rs10796912-A	1E-13	-	NR	-	"0.0583 unit increase"	[0.043-0.074]	RSPO1	"Primary open angle glaucoma (multi-trait analysis)"	"open-angle glaucoma"	-	GCST90310211	1:37625925	37386247	"Han X"
rs67631072-T	4E-11	-	NR	-	"0.0531 unit increase"	[0.037-0.069]	FHL3,RNU6-510P	"Primary open angle glaucoma (multi-trait analysis)"	"open-angle glaucoma"	-	GCST90310211	1:37996149	37386247	"Han X"
rs9429072-A	7E-11	-	NR	-	"0.0564 unit increase"	[0.039-0.073]	TESK2	"Primary open angle glaucoma (multi-trait analysis)"	"open-angle glaucoma"	-	GCST90310211	1:45344419	37386247	"Han X"
rs34778574-T	9E-9	-	NR	-	"0.1307851 unit increase"	[0.086-0.175]	LINC02871,RPS11P1	"Primary open angle glaucoma (MTAG)"	"open-angle glaucoma"	-	GCST90310210	20:11169946	37386247	"Han X"
rs6028718-T	6E-11	-	NR	-	"0.05579256 unit decrease"	[0.039-0.072]	HSPE1P1,RN7SL680P	"Primary open angle glaucoma (MTAG)"	"open-angle glaucoma"	-	GCST90310210	20:39920335	37386247	"Han X"
rs6094613-A	1E-9	-	NR	-	"0.052239142 unit increase"	[0.035-0.069]	EYA2	"Primary open angle glaucoma (MTAG)"	"open-angle glaucoma"	-	GCST90310210	20:47159504	37386247	"Han X"
rs910067-T	2E-11	-	NR	-	"0.05753487 unit increase"	[0.041-0.074]	RN7SL636P,COX6CP2	"Primary open angle glaucoma (MTAG)"	"open-angle glaucoma"	-	GCST90310210	20:50441252	37386247	"Han X"
rs12373885-A	1E-8	-	NR	-	"0.04945775 unit decrease"	[0.032-0.066]	TAF4	"Primary open angle glaucoma (MTAG)"	"open-angle glaucoma"	-	GCST90310210	20:61981337	37386247	"Han X"
rs1782976-A	2E-12	-	NR	-	"0.113041595 unit decrease"	[0.081-0.145]	APP	"Primary open angle glaucoma (MTAG)"	"open-angle glaucoma"	-	GCST90310210	21:25894555	37386247	"Han X"
rs994003-T	9E-11	-	NR	-	"0.06519488 unit increase"	[0.045-0.085]	LINC00114,ERG	"Primary open angle glaucoma (MTAG)"	"open-angle glaucoma"	-	GCST90310210	21:38665626	37386247	"Han X"
rs12158214-T	8E-21	-	NR	-	"0.11600825 unit decrease"	[0.092-0.14]	TXNRD2	"Primary open angle glaucoma (MTAG)"	"open-angle glaucoma"	-	GCST90310210	22:19884168	37386247	"Han X"
rs5752776-A	1E-32	-	NR	-	"0.1092821 unit decrease"	[0.091-0.127]	CHEK2	"Primary open angle glaucoma (MTAG)"	"open-angle glaucoma"	-	GCST90310210	22:28712241	37386247	"Han X"
rs9608740-A	8E-17	-	NR	-	"0.09232852 unit decrease"	[0.071-0.114]	EMID1	"Primary open angle glaucoma (MTAG)"	"open-angle glaucoma"	-	GCST90310210	22:29224336	37386247	"Han X"
rs9614165-T	2E-8	-	NR	-	"0.059091844 unit decrease"	[0.039-0.08]	LIF-AS1,HORMAD2	"Primary open angle glaucoma (MTAG)"	"open-angle glaucoma"	-	GCST90310210	22:30212155	37386247	"Han X"
rs5749498-T	2E-10	-	NR	-	"0.13201356 unit decrease"	[0.092-0.172]	SYN3	"Primary open angle glaucoma (MTAG)"	"open-angle glaucoma"	-	GCST90310210	22:32710961	37386247	"Han X"
rs5750494-T	9E-32	-	NR	-	"0.10388406 unit increase"	[0.087-0.121]	TRIOBP,H1-0	"Primary open angle glaucoma (MTAG)"	"open-angle glaucoma"	-	GCST90310210	22:37780972	37386247	"Han X"
rs4775427-T	4E-20	-	NR	-	"0.0735 unit increase"	[0.058-0.089]	RORA,LINC02349	"Primary open angle glaucoma (multi-trait analysis)"	"open-angle glaucoma"	-	GCST90310211	15:61659036	37386247	"Han X"
rs11857194-T	7E-13	-	NR	-	"0.0648 unit increase"	[0.047-0.082]	LINC01169,SMAD6	"Primary open angle glaucoma (multi-trait analysis)"	"open-angle glaucoma"	-	GCST90310211	15:66697177	37386247	"Han X"
rs3817045-A	3E-8	-	NR	-	"0.051 unit increase"	[0.033-0.069]	TLE3	"Primary open angle glaucoma (multi-trait analysis)"	"open-angle glaucoma"	-	GCST90310211	15:70056129	37386247	"Han X"
rs11072301-A	2E-9	-	NR	-	"0.0502 unit decrease"	[0.034-0.067]	THSD4	"Primary open angle glaucoma (multi-trait analysis)"	"open-angle glaucoma"	-	GCST90310211	15:71570400	37386247	"Han X"
rs1550437-T	1E-18	-	NR	-	"0.088 unit decrease"	[0.068-0.108]	LOXL1	"Primary open angle glaucoma (multi-trait analysis)"	"open-angle glaucoma"	-	GCST90310211	15:73928957	37386247	"Han X"
rs2415204-A	2E-9	-	NR	-	"0.1214 unit decrease"	[0.082-0.161]	LOXL1	"Primary open angle glaucoma (multi-trait analysis)"	"open-angle glaucoma"	-	GCST90310211	15:73931282	37386247	"Han X"
rs8038628-A	8E-9	-	NR	-	"0.0613 unit decrease"	[0.041-0.082]	SLCO3A1,THRAP3P2	"Primary open angle glaucoma (multi-trait analysis)"	"open-angle glaucoma"	-	GCST90310211	15:91788477	37386247	"Han X"
rs3211995-A	7E-9	-	NR	-	"0.0663 unit increase"	[0.044-0.089]	NHERF2	"Primary open angle glaucoma (multi-trait analysis)"	"open-angle glaucoma"	-	GCST90310211	16:2039005	37386247	"Han X"
rs41318749-T	3E-21	-	NR	-	"0.0899 unit increase"	[0.071-0.109]	UNGP1,HNRNPA1L3	"Primary open angle glaucoma (multi-trait analysis)"	"open-angle glaucoma"	-	GCST90310211	16:51415632	37386247	"Han X"
rs1658436-A	9E-30	-	NR	-	"0.0884 unit decrease"	[0.073-0.104]	BICC1	"Primary open angle glaucoma (multi-trait analysis)"	"open-angle glaucoma"	-	GCST90310211	10:58567150	37386247	"Han X"
rs113265346-A	5E-8	-	NR	-	"0.1059 unit decrease"	[0.068-0.144]	TET1	"Primary open angle glaucoma (multi-trait analysis)"	"open-angle glaucoma"	-	GCST90310211	10:68585370	37386247	"Han X"
rs4747198-C	5E-8	-	NR	-	"0.0497 unit increase"	[0.032-0.068]	CDH23	"Primary open angle glaucoma (multi-trait analysis)"	"open-angle glaucoma"	-	GCST90310211	10:71808649	37386247	"Han X"
rs2637250-T	8E-10	-	NR	-	"0.0476 unit increase"	[0.033-0.063]	LRMDA	"Primary open angle glaucoma (multi-trait analysis)"	"open-angle glaucoma"	-	GCST90310211	10:76522305	37386247	"Han X"
rs12763624-T	4E-8	-	NR	-	"0.0518 unit decrease"	[0.033-0.07]	ANXA11	"Primary open angle glaucoma (multi-trait analysis)"	"open-angle glaucoma"	-	GCST90310211	10:80165074	37386247	"Han X"
rs6583826-A	4E-8	-	NR	-	"0.0435 unit decrease"	[0.028-0.059]	KIF11	"Primary open angle glaucoma (multi-trait analysis)"	"open-angle glaucoma"	-	GCST90310211	10:92588073	37386247	"Han X"
rs2486690-A	7E-10	-	NR	-	"0.0518 unit decrease"	[0.035-0.068]	EXOC6	"Primary open angle glaucoma (multi-trait analysis)"	"open-angle glaucoma"	-	GCST90310211	10:93002168	37386247	"Han X"
rs7894625-T	6E-15	-	NR	-	"0.0651 unit decrease"	[0.049-0.081]	XRCC6P1,NIP7P1	"Primary open angle glaucoma (multi-trait analysis)"	"open-angle glaucoma"	-	GCST90310211	10:93202957	37386247	"Han X"
rs57866767-T	1E-24	-	NR	-	"0.079 unit decrease"	[0.064-0.094]	PLCE1	"Primary open angle glaucoma (multi-trait analysis)"	"open-angle glaucoma"	-	GCST90310211	10:94263320	37386247	"Han X"
rs2104598-A	2E-10	-	NR	-	"0.0501 unit increase"	[0.035-0.065]	TCF7L2	"Primary open angle glaucoma (multi-trait analysis)"	"open-angle glaucoma"	-	GCST90310211	10:112955839	37386247	"Han X"
rs2900990-T	2E-8	-	NR	-	"0.0443 unit increase"	[0.029-0.06]	PLEKHS1	"Primary open angle glaucoma (multi-trait analysis)"	"open-angle glaucoma"	-	GCST90310211	10:113778201	37386247	"Han X"
rs3125620-A	2E-12	-	NR	-	"0.0586 unit increase"	[0.042-0.075]	HSPA12A	"Primary open angle glaucoma (multi-trait analysis)"	"open-angle glaucoma"	-	GCST90310211	10:116789633	37386247	"Han X"
rs35969782-G	7E-9	-	NR	-	"0.1261 unit decrease"	[0.083-0.169]	LHPP	"Primary open angle glaucoma (multi-trait analysis)"	"open-angle glaucoma"	-	GCST90310211	10:124571686	37386247	"Han X"
rs61870251-A	3E-10	-	NR	-	"0.0564 unit decrease"	[0.039-0.074]	LHPP	"Primary open angle glaucoma (multi-trait analysis)"	"open-angle glaucoma"	-	GCST90310211	10:124595846	37386247	"Han X"
rs10492-T	4E-9	-	NR	-	"0.0648 unit increase"	[0.043-0.086]	TSPAN4	"Primary open angle glaucoma (multi-trait analysis)"	"open-angle glaucoma"	-	GCST90310211	11:866920	37386247	"Han X"
rs7118571-T	2E-9	-	NR	-	"0.0759 unit decrease"	[0.051-0.101]	PARVA	"Primary open angle glaucoma (multi-trait analysis)"	"open-angle glaucoma"	-	GCST90310211	11:12416129	37386247	"Han X"
rs4141194-A	2E-24	-	NR	-	"0.0868 unit increase"	[0.07-0.103]	PLEKHA7	"Primary open angle glaucoma (multi-trait analysis)"	"open-angle glaucoma"	-	GCST90310211	11:16989629	37386247	"Han X"
rs11030371-T	5E-10	-	NR	-	"0.0487 unit decrease"	[0.033-0.064]	METTL15,LINC02758	"Primary open angle glaucoma (multi-trait analysis)"	"open-angle glaucoma"	-	GCST90310211	11:28541985	37386247	"Han X"
rs9666712-C	2E-9	-	NR	-	"0.0769 unit decrease"	[0.052-0.102]	TSPAN18	"Primary open angle glaucoma (multi-trait analysis)"	"open-angle glaucoma"	-	GCST90310211	11:44834112	37386247	"Han X"
rs11038429-T	1E-10	-	NR	-	"0.1073 unit decrease"	[0.075-0.14]	LINC02687	"Primary open angle glaucoma (multi-trait analysis)"	"open-angle glaucoma"	-	GCST90310211	11:45384766	37386247	"Han X"
rs4491174-A	1E-11	-	NR	-	"0.0705 unit decrease"	[0.05-0.091]	ARHGAP1	"Primary open angle glaucoma (multi-trait analysis)"	"open-angle glaucoma"	-	GCST90310211	11:46700055	37386247	"Han X"
rs7121264-A	5E-25	-	NR	-	"0.0963 unit increase"	[0.078-0.115]	AGBL2	"Primary open angle glaucoma (multi-trait analysis)"	"open-angle glaucoma"	-	GCST90310211	11:47708596	37386247	"Han X"
rs10839199-C	1E-10	-	NR	-	"0.0858 unit increase"	[0.06-0.112]	TRIM51CP,TRIM51G	"Primary open angle glaucoma (multi-trait analysis)"	"open-angle glaucoma"	-	GCST90310211	11:48963956	37386247	"Han X"
rs143932420-A	8E-9	-	NR	-	"0.1065 unit increase"	[0.07-0.143]	LINC02750,OR4C50P	"Primary open angle glaucoma (multi-trait analysis)"	"open-angle glaucoma"	-	GCST90310211	11:50579130	37386247	"Han X"
rs78356885-A	2E-8	-	NR	-	"0.1049 unit increase"	[0.068-0.142]	OR4C16,OR4C11	"Primary open angle glaucoma (multi-trait analysis)"	"open-angle glaucoma"	-	GCST90310211	11:55594635	37386247	"Han X"
rs592785-T	2E-13	-	NR	-	"0.0603 unit decrease"	[0.044-0.076]	OR5BA1P,OR5AZ1P	"Primary open angle glaucoma (multi-trait analysis)"	"open-angle glaucoma"	-	GCST90310211	11:57899139	37386247	"Han X"
rs12361770-A	6E-10	-	NR	-	"0.0681 unit decrease"	[0.047-0.09]	GLYAT	"Primary open angle glaucoma (multi-trait analysis)"	"open-angle glaucoma"	-	GCST90310211	11:58666759	37386247	"Han X"
rs1346-A	8E-29	-	NR	-	"0.1127 unit increase"	[0.093-0.132]	ZNRD2-DT	"Primary open angle glaucoma (multi-trait analysis)"	"open-angle glaucoma"	-	GCST90310211	11:65569780	37386247	"Han X"
rs574586-A	9E-10	-	NR	-	"0.0482 unit decrease"	[0.033-0.064]	TSGA10IP,DRAP1	"Primary open angle glaucoma (multi-trait analysis)"	"open-angle glaucoma"	-	GCST90310211	11:65929612	37386247	"Han X"
rs4441044-A	2E-8	-	NR	-	"0.049 unit decrease"	[0.032-0.066]	FGF19,LTO1	"Primary open angle glaucoma (multi-trait analysis)"	"open-angle glaucoma"	-	GCST90310211	11:69685595	37386247	"Han X"
rs10792871-T	9E-24	-	NR	-	"0.1281 unit increase"	[0.1-0.15]	ME3	"Primary open angle glaucoma (multi-trait analysis)"	"open-angle glaucoma"	-	GCST90310211	11:86657064	37386247	"Han X"
rs12787853-T	2E-18	-	NR	-	"0.0834 unit decrease"	[0.065-0.102]	PRSS23,ME3	"Primary open angle glaucoma (multi-trait analysis)"	"open-angle glaucoma"	-	GCST90310211	11:86779477	37386247	"Han X"
rs1551503-A	2E-9	-	NR	-	"0.0546 unit increase"	[0.037-0.072]	FZD4-DT	"Primary open angle glaucoma (multi-trait analysis)"	"open-angle glaucoma"	-	GCST90310211	11:87016313	37386247	"Han X"
rs1126809-A	7E-9	-	NR	-	"0.0542 unit decrease"	[0.036-0.073]	TYR	"Primary open angle glaucoma (multi-trait analysis)"	"open-angle glaucoma"	-	GCST90310211	11:89284793	37386247	"Han X"
rs7122907-T	3E-9	-	NR	-	"0.0476 unit decrease"	[0.032-0.063]	YAP1	"Primary open angle glaucoma (multi-trait analysis)"	"open-angle glaucoma"	-	GCST90310211	11:102215051	37386247	"Han X"
rs56762318-T	4E-9	-	NR	-	"0.0971 unit decrease"	[0.065-0.129]	HNRNPA1P60,ARHGAP20	"Primary open angle glaucoma (multi-trait analysis)"	"open-angle glaucoma"	-	GCST90310211	11:110722121	37386247	"Han X"
rs58073046-A	1E-30	-	NR	-	"0.1362 unit decrease"	[0.11-0.16]	ARHGEF12	"Primary open angle glaucoma (multi-trait analysis)"	"open-angle glaucoma"	-	GCST90310211	11:120377784	37386247	"Han X"
rs7924522-A	3E-25	-	NR	-	"0.0882 unit increase"	[0.072-0.105]	ETS1	"Primary open angle glaucoma (multi-trait analysis)"	"open-angle glaucoma"	-	GCST90310211	11:128510847	37386247	"Han X"
rs7941765-T	6E-10	-	NR	-	"0.0502 unit decrease"	[0.034-0.066]	FLI1,ETS1	"Primary open angle glaucoma (multi-trait analysis)"	"open-angle glaucoma"	-	GCST90310211	11:128629105	37386247	"Han X"
rs2875238-T	2E-23	-	NR	-	"0.088 unit decrease"	[0.071-0.105]	ZBTB44-DT,ADAMTS8	"Primary open angle glaucoma (multi-trait analysis)"	"open-angle glaucoma"	-	GCST90310211	11:130412183	37386247	"Han X"
rs1270640-T	3E-9	-	NR	-	"0.1583 unit increase"	[0.11-0.21]	ADAMTS15	"Primary open angle glaucoma (multi-trait analysis)"	"open-angle glaucoma"	-	GCST90310211	11:130458972	37386247	"Han X"
rs4245132-A	4E-8	-	NR	-	"0.0482 unit increase"	[0.031-0.065]	B3GAT1-DT	"Primary open angle glaucoma (multi-trait analysis)"	"open-angle glaucoma"	-	GCST90310211	11:134453448	37386247	"Han X"
rs5442-A	5E-14	-	NR	-	"0.1282 unit increase"	[0.095-0.162]	CDCA3,GNB3	"Primary open angle glaucoma (multi-trait analysis)"	"open-angle glaucoma"	-	GCST90310211	12:6845700	37386247	"Han X"
rs7137713-T	5E-9	-	NR	-	"0.0482 unit decrease"	[0.032-0.064]	ITPR2	"Primary open angle glaucoma (multi-trait analysis)"	"open-angle glaucoma"	-	GCST90310211	12:26700989	37386247	"Han X"
rs7972874-A	3E-9	-	NR	-	"0.0558 unit decrease"	[0.037-0.074]	PTHLH,CCDC91	"Primary open angle glaucoma (multi-trait analysis)"	"open-angle glaucoma"	-	GCST90310211	12:28050312	37386247	"Han X"
rs33206-A	3E-8	-	NR	-	"0.0451 unit increase"	[0.029-0.061]	TSPAN11,LINC00941	"Primary open angle glaucoma (multi-trait analysis)"	"open-angle glaucoma"	-	GCST90310211	12:30908649	37386247	"Han X"
rs1795925-A	5E-9	-	NR	-	"0.0538 unit increase"	[0.036-0.072]	LINC02450,MRPS36P5	"Primary open angle glaucoma (multi-trait analysis)"	"open-angle glaucoma"	-	GCST90310211	12:43053097	37386247	"Han X"
rs10784502-T	1E-8	-	NR	-	"0.0459 unit increase"	[0.03-0.062]	HMGA2	"Primary open angle glaucoma (multi-trait analysis)"	"open-angle glaucoma"	-	GCST90310211	12:65950030	37386247	"Han X"
rs446011-A	6E-40	-	NR	-	"0.1077 unit decrease"	[0.092-0.124]	SLC6A15,RPL6P25	"Primary open angle glaucoma (multi-trait analysis)"	"open-angle glaucoma"	-	GCST90310211	12:83579508	37386247	"Han X"
rs7309276-T	2E-8	-	NR	-	"0.0551 unit increase"	[0.036-0.075]	SLC6A15,RPL6P25	"Primary open angle glaucoma (multi-trait analysis)"	"open-angle glaucoma"	-	GCST90310211	12:84600963	37386247	"Han X"
rs10431406-C	7E-9	-	NR	-	"0.0521 unit increase"	[0.034-0.07]	NACAP8,LINC02412	"Primary open angle glaucoma (multi-trait analysis)"	"open-angle glaucoma"	-	GCST90310211	12:93127772	37386247	"Han X"
rs1922433-A	6E-13	-	NR	-	"0.06 unit increase"	[0.044-0.076]	RFX4	"Primary open angle glaucoma (multi-trait analysis)"	"open-angle glaucoma"	-	GCST90310211	12:106683394	37386247	"Han X"
rs1051924-A	8E-9	-	NR	-	"0.0707 unit increase"	[0.047-0.095]	TMEM119	"Primary open angle glaucoma (multi-trait analysis)"	"open-angle glaucoma"	-	GCST90310211	12:108590201	37386247	"Han X"
rs7137828-T	5E-18	-	NR	-	"0.0756 unit increase"	[0.059-0.093]	ATXN2	"Primary open angle glaucoma (multi-trait analysis)"	"open-angle glaucoma"	-	GCST90310211	12:111494996	37386247	"Han X"
rs4769194-A	2E-19	-	NR	-	"0.0856 unit increase"	[0.067-0.104]	LINC00540	"Primary open angle glaucoma (multi-trait analysis)"	"open-angle glaucoma"	-	GCST90310211	13:22099731	37386247	"Han X"
rs9316969-T	5E-14	-	NR	-	"0.0652 unit increase"	[0.048-0.082]	FTH1P7,LINC00540	"Primary open angle glaucoma (multi-trait analysis)"	"open-angle glaucoma"	-	GCST90310211	13:22404614	37386247	"Han X"
rs1270717-A	7E-9	-	NR	-	"0.0454 unit decrease"	[0.03-0.061]	DLEU7,DLEU1	"Primary open angle glaucoma (multi-trait analysis)"	"open-angle glaucoma"	-	GCST90310211	13:50589457	37386247	"Han X"
rs9530143-A	2E-11	-	NR	-	"0.0572 unit decrease"	[0.04-0.074]	KLF5	"Primary open angle glaucoma (multi-trait analysis)"	"open-angle glaucoma"	-	GCST90310211	13:73065233	37386247	"Han X"
rs9544024-A	9E-19	-	NR	-	"0.0742 unit decrease"	[0.058-0.091]	LMO7	"Primary open angle glaucoma (multi-trait analysis)"	"open-angle glaucoma"	-	GCST90310211	13:75684584	37386247	"Han X"
rs9559369-A	8E-12	-	NR	-	"0.0594 unit increase"	[0.042-0.076]	MYO16,HCFC2P1	"Primary open angle glaucoma (multi-trait analysis)"	"open-angle glaucoma"	-	GCST90310211	13:108571585	37386247	"Han X"
rs2218471-C	4E-16	-	NR	-	"0.0682 unit decrease"	[0.052-0.085]	LINC03082	"Primary open angle glaucoma (multi-trait analysis)"	"open-angle glaucoma"	-	GCST90310211	13:110125592	37386247	"Han X"
rs61963301-A	1E-11	-	NR	-	"0.0769 unit decrease"	[0.055-0.099]	COL4A1	"Primary open angle glaucoma (multi-trait analysis)"	"open-angle glaucoma"	-	GCST90310211	13:110242338	37386247	"Han X"
rs10139172-A	1E-15	-	NR	-	"0.0665 unit decrease"	[0.05-0.083]	EGLN3	"Primary open angle glaucoma (multi-trait analysis)"	"open-angle glaucoma"	-	GCST90310211	14:34246260	37386247	"Han X"
rs61755579-T	4E-13	-	NR	-	"0.1933 unit decrease"	[0.14-0.25]	SOS2	"Primary open angle glaucoma (multi-trait analysis)"	"open-angle glaucoma"	-	GCST90310211	14:50188589	37386247	"Han X"
rs8009633-C	5E-19	-	NR	-	"0.083 unit decrease"	[0.065-0.101]	FERMT2	"Primary open angle glaucoma (multi-trait analysis)"	"open-angle glaucoma"	-	GCST90310211	14:52920118	37386247	"Han X"
rs1954317-A	1E-15	-	NR	-	"0.0628 unit increase"	[0.048-0.078]	DDHD1-DT	"Primary open angle glaucoma (multi-trait analysis)"	"open-angle glaucoma"	-	GCST90310211	14:53492254	37386247	"Han X"
rs33912345-A	6E-85	-	NR	-	"0.1602 unit decrease"	[0.14-0.18]	SIX6,C14orf39	"Primary open angle glaucoma (multi-trait analysis)"	"open-angle glaucoma"	-	GCST90310211	14:60509819	37386247	"Han X"
rs73294447-T	2E-12	-	NR	-	"0.2484 unit increase"	[0.18-0.32]	SYNDIG1L,NPC2	"Primary open angle glaucoma (multi-trait analysis)"	"open-angle glaucoma"	-	GCST90310211	14:74463018	37386247	"Han X"
rs754458-A	7E-10	-	NR	-	"0.0487 unit increase"	[0.033-0.064]	LTBP2,AREL1	"Primary open angle glaucoma (multi-trait analysis)"	"open-angle glaucoma"	-	GCST90310211	14:74618126	37386247	"Han X"
rs12886636-A	8E-11	-	NR	-	"0.0595 unit decrease"	[0.041-0.078]	TTLL5,IFT43	"Primary open angle glaucoma (multi-trait analysis)"	"open-angle glaucoma"	-	GCST90310211	14:75933298	37386247	"Han X"
rs77435835-C	8E-9	-	NR	-	"0.1105 unit increase"	[0.073-0.148]	TSHR,GTF2A1	"Primary open angle glaucoma (multi-trait analysis)"	"open-angle glaucoma"	-	GCST90310211	14:81158701	37386247	"Han X"
rs11160251-T	6E-10	-	NR	-	"0.0535 unit increase"	[0.037-0.07]	SYNE3	"Primary open angle glaucoma (multi-trait analysis)"	"open-angle glaucoma"	-	GCST90310211	14:95491357	37386247	"Han X"
rs1129038-T	7E-9	-	NR	-	"0.0617 unit decrease"	[0.041-0.083]	HERC2	"Primary open angle glaucoma (multi-trait analysis)"	"open-angle glaucoma"	-	GCST90310211	15:28111713	37386247	"Han X"
rs589135-A	3E-9	-	NR	-	"0.047 unit decrease"	[0.032-0.062]	LINC02252,GJD2	"Primary open angle glaucoma (multi-trait analysis)"	"open-angle glaucoma"	-	GCST90310211	15:34709241	37386247	"Han X"
rs4640119-T	1E-9	-	NR	-	"0.0477 unit decrease"	[0.032-0.063]	NEDD4	"Primary open angle glaucoma (multi-trait analysis)"	"open-angle glaucoma"	-	GCST90310211	15:55902993	37386247	"Han X"
rs12900589-T	1E-17	-	NR	-	"0.0666 unit increase"	[0.051-0.082]	TCF12	"Primary open angle glaucoma (multi-trait analysis)"	"open-angle glaucoma"	-	GCST90310211	15:57081038	37386247	"Han X"
rs28514893-T	8E-9	-	NR	-	"0.0598 unit increase"	[0.04-0.08]	UNGP1,HNRNPA1L3	"Primary open angle glaucoma (multi-trait analysis)"	"open-angle glaucoma"	-	GCST90310211	16:51539208	37386247	"Han X"
rs257336-T	4E-13	-	NR	-	"0.0623 unit decrease"	[0.045-0.079]	CDH11	"Primary open angle glaucoma (multi-trait analysis)"	"open-angle glaucoma"	-	GCST90310211	16:65021937	37386247	"Han X"
rs41318749-T	7E-22	-	NR	-	"0.09219335 unit increase"	[0.073-0.111]	UNGP1,HNRNPA1L3	"Primary open angle glaucoma (MTAG)"	"open-angle glaucoma"	-	GCST90310210	16:51415632	37386247	"Han X"
rs28514893-T	9E-9	-	NR	-	"0.060054734 unit increase"	[0.04-0.081]	UNGP1,HNRNPA1L3	"Primary open angle glaucoma (MTAG)"	"open-angle glaucoma"	-	GCST90310210	16:51539208	37386247	"Han X"
rs257336-T	6E-17	-	NR	-	"0.0766211 unit decrease"	[0.059-0.095]	CDH11	"Primary open angle glaucoma (MTAG)"	"open-angle glaucoma"	-	GCST90310210	16:65021937	37386247	"Han X"
rs12598456-T	1E-10	-	NR	-	"0.058001943 unit increase"	[0.04-0.076]	IL34	"Primary open angle glaucoma (MTAG)"	"open-angle glaucoma"	-	GCST90310210	16:70642575	37386247	"Han X"
rs74772336-A	9E-19	-	NR	-	"0.13745569 unit increase"	[0.11-0.17]	LINC02131	"Primary open angle glaucoma (MTAG)"	"open-angle glaucoma"	-	GCST90310210	16:77605037	37386247	"Han X"
rs1728414-T	2E-18	-	NR	-	"0.13664523 unit increase"	[0.11-0.17]	LINC00917,FENDRR	"Primary open angle glaucoma (MTAG)"	"open-angle glaucoma"	-	GCST90310210	16:86359799	37386247	"Han X"
rs1552654-A	3E-14	-	NR	-	"0.06779523 unit increase"	[0.05-0.085]	FENDRR	"Primary open angle glaucoma (MTAG)"	"open-angle glaucoma"	-	GCST90310210	16:86496522	37386247	"Han X"
rs2238526-A	3E-8	-	NR	-	"0.04753582 unit decrease"	[0.031-0.064]	FANCA	"Primary open angle glaucoma (MTAG)"	"open-angle glaucoma"	-	GCST90310210	16:89760315	37386247	"Han X"
rs12943566-A	4E-14	-	NR	-	"0.06796228 unit decrease"	[0.05-0.086]	SMG6	"Primary open angle glaucoma (MTAG)"	"open-angle glaucoma"	-	GCST90310210	17:2254480	37386247	"Han X"
rs10852918-A	1E-20	-	NR	-	"0.08135104 unit decrease"	[0.064-0.098]	GAS7	"Primary open angle glaucoma (MTAG)"	"open-angle glaucoma"	-	GCST90310210	17:9937184	37386247	"Han X"
rs7210608-A	2E-8	-	NR	-	"0.048102956 unit increase"	[0.031-0.065]	GAS7	"Primary open angle glaucoma (MTAG)"	"open-angle glaucoma"	-	GCST90310210	17:9970927	37386247	"Han X"
rs9913911-A	1E-79	-	NR	-	"0.16694167 unit increase"	[0.15-0.18]	GAS7	"Primary open angle glaucoma (MTAG)"	"open-angle glaucoma"	-	GCST90310210	17:10127866	37386247	"Han X"
rs12452869-T	2E-9	-	NR	-	"0.061095975 unit increase"	[0.041-0.081]	GAS7	"Primary open angle glaucoma (MTAG)"	"open-angle glaucoma"	-	GCST90310210	17:10182977	37386247	"Han X"
rs2074877-T	6E-9	-	NR	-	"0.051149372 unit decrease"	[0.034-0.068]	MYHAS,MYH13	"Primary open angle glaucoma (MTAG)"	"open-angle glaucoma"	-	GCST90310210	17:10320397	37386247	"Han X"
rs1635288-A	2E-10	-	NR	-	"0.063193925 unit increase"	[0.044-0.083]	LINC02210-CRHR1	"Primary open angle glaucoma (MTAG)"	"open-angle glaucoma"	-	GCST90310210	17:45679603	37386247	"Han X"
rs60372268-A	3E-10	-	NR	-	"0.05986207 unit increase"	[0.041-0.078]	WNT9B	"Primary open angle glaucoma (MTAG)"	"open-angle glaucoma"	-	GCST90310210	17:46870390	37386247	"Han X"
rs67544603-A	6E-9	-	NR	-	"0.06702828 unit increase"	[0.044-0.09]	ITGB3,MYL4	"Primary open angle glaucoma (MTAG)"	"open-angle glaucoma"	-	GCST90310210	17:47250663	37386247	"Han X"
rs9889262-A	3E-10	-	NR	-	"0.05588605 unit decrease"	[0.038-0.073]	ZNF652	"Primary open angle glaucoma (MTAG)"	"open-angle glaucoma"	-	GCST90310210	17:49320708	37386247	"Han X"
rs277066-A	5E-9	-	NR	-	"0.07042475 unit decrease"	[0.047-0.094]	MSI2	"Primary open angle glaucoma (MTAG)"	"open-angle glaucoma"	-	GCST90310210	17:57487382	37386247	"Han X"
rs8076158-A	6E-12	-	NR	-	"0.077635825 unit decrease"	[0.056-0.1]	BCAS3	"Primary open angle glaucoma (MTAG)"	"open-angle glaucoma"	-	GCST90310210	17:61316537	37386247	"Han X"
rs72973711-A	3E-10	-	NR	-	"0.11054052 unit increase"	[0.076-0.145]	ZNF516	"Primary open angle glaucoma (MTAG)"	"open-angle glaucoma"	-	GCST90310210	18:76360290	37386247	"Han X"
rs123698-C	4E-16	-	NR	-	"0.07672005 unit decrease"	[0.058-0.095]	PTBP1	"Primary open angle glaucoma (MTAG)"	"open-angle glaucoma"	-	GCST90310210	19:807442	37386247	"Han X"
rs440677-A	7E-10	-	NR	-	"0.05527416 unit increase"	[0.038-0.073]	KANK2	"Primary open angle glaucoma (MTAG)"	"open-angle glaucoma"	-	GCST90310210	19:11174714	37386247	"Han X"
rs10775546-T	2E-8	-	NR	-	"0.06275997 unit decrease"	[0.041-0.085]	MEIOSIN	"Primary open angle glaucoma (MTAG)"	"open-angle glaucoma"	-	GCST90310210	19:45764276	37386247	"Han X"
rs6140009-T	6E-43	-	NR	-	"0.12063626 unit decrease"	[0.1-0.14]	CASC20	"Primary open angle glaucoma (MTAG)"	"open-angle glaucoma"	-	GCST90310210	20:6492407	37386247	"Han X"
rs589253-A	1E-9	-	NR	-	"0.05195031 unit decrease"	[0.035-0.069]	TSGA10IP,DRAP1	"Primary open angle glaucoma (MTAG)"	"open-angle glaucoma"	-	GCST90310210	11:65925609	37386247	"Han X"
rs4441044-A	1E-8	-	NR	-	"0.05143667 unit decrease"	[0.034-0.069]	FGF19,LTO1	"Primary open angle glaucoma (MTAG)"	"open-angle glaucoma"	-	GCST90310210	11:69685595	37386247	"Han X"
rs7933920-A	4E-22	-	NR	-	"0.1013714 unit increase"	[0.081-0.122]	PRSS23,ME3	"Primary open angle glaucoma (MTAG)"	"open-angle glaucoma"	-	GCST90310210	11:86689802	37386247	"Han X"
rs2105587-A	3E-16	-	NR	-	"0.08650539 unit decrease"	[0.066-0.107]	PRSS23	"Primary open angle glaucoma (MTAG)"	"open-angle glaucoma"	-	GCST90310210	11:86799140	37386247	"Han X"
rs2513214-A	2E-8	-	NR	-	"0.06070045 unit decrease"	[0.04-0.082]	HNRNPCP8,TMEM135	"Primary open angle glaucoma (MTAG)"	"open-angle glaucoma"	-	GCST90310210	11:87035111	37386247	"Han X"
rs1126809-A	6E-9	-	NR	-	"0.05473528 unit decrease"	[0.036-0.073]	TYR	"Primary open angle glaucoma (MTAG)"	"open-angle glaucoma"	-	GCST90310210	11:89284793	37386247	"Han X"
rs2048041-A	3E-8	-	NR	-	"0.094685175 unit increase"	[0.061-0.128]	ARHGAP20	"Primary open angle glaucoma (MTAG)"	"open-angle glaucoma"	-	GCST90310210	11:110709874	37386247	"Han X"
rs58073046-A	2E-36	-	NR	-	"0.16542388 unit decrease"	[0.14-0.19]	ARHGEF12	"Primary open angle glaucoma (MTAG)"	"open-angle glaucoma"	-	GCST90310210	11:120377784	37386247	"Han X"
rs7946009-T	1E-23	-	NR	-	"0.08994157 unit decrease"	[0.072-0.108]	ETS1	"Primary open angle glaucoma (MTAG)"	"open-angle glaucoma"	-	GCST90310210	11:128517527	37386247	"Han X"
rs7941765-T	3E-8	-	NR	-	"0.047292676 unit decrease"	[0.031-0.064]	FLI1,ETS1	"Primary open angle glaucoma (MTAG)"	"open-angle glaucoma"	-	GCST90310210	11:128629105	37386247	"Han X"
rs2875238-T	3E-22	-	NR	-	"0.087652214 unit decrease"	[0.07-0.105]	ZBTB44-DT,ADAMTS8	"Primary open angle glaucoma (MTAG)"	"open-angle glaucoma"	-	GCST90310210	11:130412183	37386247	"Han X"
rs1270640-T	2E-9	-	NR	-	"0.16655894 unit increase"	[0.11-0.22]	ADAMTS15	"Primary open angle glaucoma (MTAG)"	"open-angle glaucoma"	-	GCST90310210	11:130458972	37386247	"Han X"
rs4390362-T	1E-8	-	NR	-	"0.054361053 unit decrease"	[0.036-0.073]	B3GAT1-DT	"Primary open angle glaucoma (MTAG)"	"open-angle glaucoma"	-	GCST90310210	11:134447483	37386247	"Han X"
rs5442-A	5E-14	-	NR	-	"0.12822054 unit increase"	[0.095-0.162]	CDCA3,GNB3	"Primary open angle glaucoma (MTAG)"	"open-angle glaucoma"	-	GCST90310210	12:6845700	37386247	"Han X"
rs7137713-T	2E-10	-	NR	-	"0.05920612 unit decrease"	[0.041-0.077]	ITPR2	"Primary open angle glaucoma (MTAG)"	"open-angle glaucoma"	-	GCST90310210	12:26700989	37386247	"Han X"
rs7972874-A	3E-9	-	NR	-	"0.05782647 unit decrease"	[0.039-0.077]	PTHLH,CCDC91	"Primary open angle glaucoma (MTAG)"	"open-angle glaucoma"	-	GCST90310210	12:28050312	37386247	"Han X"
rs33206-A	6E-9	-	NR	-	"0.050912783 unit increase"	[0.034-0.068]	TSPAN11,LINC00941	"Primary open angle glaucoma (MTAG)"	"open-angle glaucoma"	-	GCST90310210	12:30908649	37386247	"Han X"
rs1795925-A	4E-9	-	NR	-	"0.054362785 unit increase"	[0.036-0.072]	LINC02450,MRPS36P5	"Primary open angle glaucoma (MTAG)"	"open-angle glaucoma"	-	GCST90310210	12:43053097	37386247	"Han X"
rs1397894-A	4E-41	-	NR	-	"0.11501022 unit increase"	[0.098-0.132]	RPL6P25,SLC6A15	"Primary open angle glaucoma (MTAG)"	"open-angle glaucoma"	-	GCST90310210	12:83630340	37386247	"Han X"
rs10860882-T	1E-8	-	NR	-	"0.051647093 unit increase"	[0.034-0.069]	IGF1,LINC00485	"Primary open angle glaucoma (MTAG)"	"open-angle glaucoma"	-	GCST90310210	12:102577841	37386247	"Han X"
rs4964476-T	4E-10	-	NR	-	"0.061966576 unit decrease"	[0.043-0.081]	RFX4	"Primary open angle glaucoma (MTAG)"	"open-angle glaucoma"	-	GCST90310210	12:106635211	37386247	"Han X"
rs7137828-T	6E-18	-	NR	-	"0.075553484 unit increase"	[0.058-0.093]	ATXN2	"Primary open angle glaucoma (MTAG)"	"open-angle glaucoma"	-	GCST90310210	12:111494996	37386247	"Han X"
rs233701-C	7E-9	-	NR	-	"0.052373502 unit increase"	[0.035-0.07]	RPH3A	"Primary open angle glaucoma (MTAG)"	"open-angle glaucoma"	-	GCST90310210	12:112574345	37386247	"Han X"
rs4769194-A	5E-17	-	NR	-	"0.09372195 unit increase"	[0.072-0.116]	LINC00540	"Primary open angle glaucoma (MTAG)"	"open-angle glaucoma"	-	GCST90310210	13:22099731	37386247	"Han X"
rs9316969-T	2E-12	-	NR	-	"0.068081304 unit increase"	[0.049-0.087]	FTH1P7,LINC00540	"Primary open angle glaucoma (MTAG)"	"open-angle glaucoma"	-	GCST90310210	13:22404614	37386247	"Han X"
rs1270717-A	2E-9	-	NR	-	"0.05149313 unit decrease"	[0.035-0.068]	DLEU7,DLEU1	"Primary open angle glaucoma (MTAG)"	"open-angle glaucoma"	-	GCST90310210	13:50589457	37386247	"Han X"
rs9530143-A	6E-11	-	NR	-	"0.05964233 unit decrease"	[0.042-0.078]	KLF5	"Primary open angle glaucoma (MTAG)"	"open-angle glaucoma"	-	GCST90310210	13:73065233	37386247	"Han X"
rs111439095-A	5E-19	-	NR	-	"0.07568241 unit decrease"	[0.059-0.092]	LMO7	"Primary open angle glaucoma (MTAG)"	"open-angle glaucoma"	-	GCST90310210	13:75680297	37386247	"Han X"
rs9587617-T	1E-11	-	NR	-	"0.06646164 unit decrease"	[0.047-0.086]	HCFC2P1,MYO16	"Primary open angle glaucoma (MTAG)"	"open-angle glaucoma"	-	GCST90310210	13:108570599	37386247	"Han X"
rs2218471-C	2E-14	-	NR	-	"0.06623933 unit decrease"	[0.049-0.083]	LINC03082	"Primary open angle glaucoma (MTAG)"	"open-angle glaucoma"	-	GCST90310210	13:110125592	37386247	"Han X"
rs61963301-A	9E-12	-	NR	-	"0.07730961 unit decrease"	[0.055-0.1]	COL4A1	"Primary open angle glaucoma (MTAG)"	"open-angle glaucoma"	-	GCST90310210	13:110242338	37386247	"Han X"
rs12879626-T	1E-17	-	NR	-	"0.07504571 unit increase"	[0.058-0.092]	EGLN3	"Primary open angle glaucoma (MTAG)"	"open-angle glaucoma"	-	GCST90310210	14:34251928	37386247	"Han X"
rs61755579-T	4E-13	-	NR	-	"0.19326805 unit decrease"	[0.14-0.25]	SOS2	"Primary open angle glaucoma (MTAG)"	"open-angle glaucoma"	-	GCST90310210	14:50188589	37386247	"Han X"
rs8009633-C	2E-20	-	NR	-	"0.09445222 unit decrease"	[0.074-0.114]	FERMT2	"Primary open angle glaucoma (MTAG)"	"open-angle glaucoma"	-	GCST90310210	14:52920118	37386247	"Han X"
rs2243562-T	2E-12	-	NR	-	"0.06126104 unit decrease"	[0.044-0.078]	DDHD1-DT	"Primary open angle glaucoma (MTAG)"	"open-angle glaucoma"	-	GCST90310210	14:53522877	37386247	"Han X"
rs34935520-A	2E-70	-	NR	-	"0.15486747 unit decrease"	[0.14-0.17]	C14orf39,SALRNA1	"Primary open angle glaucoma (MTAG)"	"open-angle glaucoma"	-	GCST90310210	14:60624683	37386247	"Han X"
rs73294447-T	1E-11	-	NR	-	"0.2470001 unit increase"	[0.18-0.32]	SYNDIG1L,NPC2	"Primary open angle glaucoma (MTAG)"	"open-angle glaucoma"	-	GCST90310210	14:74463018	37386247	"Han X"
rs754634-T	4E-9	-	NR	-	"0.05009613 unit increase"	[0.033-0.067]	LTBP2,AREL1	"Primary open angle glaucoma (MTAG)"	"open-angle glaucoma"	-	GCST90310210	14:74630728	37386247	"Han X"
rs12886636-A	2E-8	-	NR	-	"0.057922438 unit decrease"	[0.038-0.078]	TTLL5,IFT43	"Primary open angle glaucoma (MTAG)"	"open-angle glaucoma"	-	GCST90310210	14:75933298	37386247	"Han X"
rs11622435-A	2E-8	-	NR	-	"0.1237427 unit decrease"	[0.081-0.167]	TSHR,GTF2A1	"Primary open angle glaucoma (MTAG)"	"open-angle glaucoma"	-	GCST90310210	14:81151652	37386247	"Han X"
rs11160251-T	2E-8	-	NR	-	"0.053081155 unit increase"	[0.035-0.072]	SYNE3	"Primary open angle glaucoma (MTAG)"	"open-angle glaucoma"	-	GCST90310210	14:95491357	37386247	"Han X"
rs12913832-A	3E-8	-	NR	-	"0.059673093 unit increase"	[0.039-0.081]	HERC2	"Primary open angle glaucoma (MTAG)"	"open-angle glaucoma"	-	GCST90310210	15:28120472	37386247	"Han X"
rs589135-A	5E-9	-	NR	-	"0.050733693 unit decrease"	[0.034-0.068]	LINC02252,GJD2	"Primary open angle glaucoma (MTAG)"	"open-angle glaucoma"	-	GCST90310210	15:34709241	37386247	"Han X"
rs12900589-T	4E-17	-	NR	-	"0.07240677 unit increase"	[0.056-0.089]	TCF12	"Primary open angle glaucoma (MTAG)"	"open-angle glaucoma"	-	GCST90310210	15:57081038	37386247	"Han X"
rs4775427-T	9E-20	-	NR	-	"0.078200154 unit increase"	[0.061-0.095]	RORA,LINC02349	"Primary open angle glaucoma (MTAG)"	"open-angle glaucoma"	-	GCST90310210	15:61659036	37386247	"Han X"
rs2469077-A	3E-10	-	NR	-	"0.059459236 unit increase"	[0.041-0.078]	SMAD6	"Primary open angle glaucoma (MTAG)"	"open-angle glaucoma"	-	GCST90310210	15:66731507	37386247	"Han X"
rs975210-A	7E-9	-	NR	-	"0.0638618 unit increase"	[0.042-0.085]	TLE3	"Primary open angle glaucoma (MTAG)"	"open-angle glaucoma"	-	GCST90310210	15:70072013	37386247	"Han X"
rs11072301-A	4E-8	-	NR	-	"0.050923098 unit decrease"	[0.033-0.069]	THSD4	"Primary open angle glaucoma (MTAG)"	"open-angle glaucoma"	-	GCST90310210	15:71570400	37386247	"Han X"
rs1078967-T	1E-14	-	NR	-	"0.09127907 unit decrease"	[0.068-0.115]	LOXL1	"Primary open angle glaucoma (MTAG)"	"open-angle glaucoma"	-	GCST90310210	15:73930646	37386247	"Han X"
rs34222435-T	2E-8	-	NR	-	"0.06994544 unit increase"	[0.046-0.094]	GCAWKR,ASB7	"Primary open angle glaucoma (MTAG)"	"open-angle glaucoma"	-	GCST90310210	15:100660668	37386247	"Han X"
rs17421627-T	3E-10	-	NR	-	"0.0998 unit decrease"	[0.069-0.131]	MIR9-2HG	"Primary open angle glaucoma (multi-trait analysis)"	"open-angle glaucoma"	-	GCST90310211	5:88551768	37386247	"Han X"
rs73220177-A	1E-8	-	NR	-	"0.0928 unit decrease"	[0.061-0.125]	FBXL17,LINC01023	"Primary open angle glaucoma (multi-trait analysis)"	"open-angle glaucoma"	-	GCST90310211	5:108710999	37386247	"Han X"
rs11949097-T	1E-9	-	NR	-	"0.0669 unit increase"	[0.045-0.088]	RNU4-69P,RPL23AP44	"Primary open angle glaucoma (multi-trait analysis)"	"open-angle glaucoma"	-	GCST90310211	5:121324253	37386247	"Han X"
rs7710439-T	3E-9	-	NR	-	"0.0926 unit decrease"	[0.062-0.123]	MINAR2	"Primary open angle glaucoma (multi-trait analysis)"	"open-angle glaucoma"	-	GCST90310211	5:129750167	37386247	"Han X"
rs6876641-A	8E-11	-	NR	-	"0.0779 unit decrease"	[0.054-0.101]	VDAC1,TCF7	"Primary open angle glaucoma (multi-trait analysis)"	"open-angle glaucoma"	-	GCST90310211	5:134058531	37386247	"Han X"
rs7714046-T	3E-8	-	NR	-	"0.0451 unit increase"	[0.029-0.061]	ABLIM3	"Primary open angle glaucoma (multi-trait analysis)"	"open-angle glaucoma"	-	GCST90310211	5:149170938	37386247	"Han X"
rs17135357-A	5E-29	-	NR	-	"0.1229 unit decrease"	[0.1-0.14]	EXOC2	"Primary open angle glaucoma (multi-trait analysis)"	"open-angle glaucoma"	-	GCST90310211	6:602983	37386247	"Han X"
rs2745572-A	3E-51	-	NR	-	"0.1243 unit increase"	[0.11-0.14]	FOXCUT,ELF2P2	"Primary open angle glaucoma (multi-trait analysis)"	"open-angle glaucoma"	-	GCST90310211	6:1548134	37386247	"Han X"
rs3800056-T	6E-21	-	NR	-	"0.0795 unit increase"	[0.063-0.096]	GMDS	"Primary open angle glaucoma (multi-trait analysis)"	"open-angle glaucoma"	-	GCST90310211	6:1775960	37386247	"Han X"
rs17134549-A	3E-39	-	NR	-	"0.1448 unit decrease"	[0.12-0.17]	GMDS	"Primary open angle glaucoma (multi-trait analysis)"	"open-angle glaucoma"	-	GCST90310211	6:1974640	37386247	"Han X"
rs75570691-T	1E-9	-	NR	-	"0.0908 unit decrease"	[0.062-0.12]	GMDS	"Primary open angle glaucoma (multi-trait analysis)"	"open-angle glaucoma"	-	GCST90310211	6:2106189	37386247	"Han X"
rs2394685-A	8E-14	-	NR	-	"0.0588 unit decrease"	[0.043-0.074]	HLA-F-AS1	"Primary open angle glaucoma (multi-trait analysis)"	"open-angle glaucoma"	-	GCST90310211	6:29777662	37386247	"Han X"
rs34929649-T	1E-9	-	NR	-	"0.05 unit decrease"	[0.034-0.066]	EHMT2	"Primary open angle glaucoma (multi-trait analysis)"	"open-angle glaucoma"	-	GCST90310211	6:31890753	37386247	"Han X"
rs7344-T	7E-22	-	NR	-	"0.0862 unit decrease"	[0.069-0.104]	SRSF3	"Primary open angle glaucoma (multi-trait analysis)"	"open-angle glaucoma"	-	GCST90310211	6:36602589	37386247	"Han X"
rs2815114-A	7E-12	-	NR	-	"0.0539 unit decrease"	[0.039-0.069]	KCNK5	"Primary open angle glaucoma (multi-trait analysis)"	"open-angle glaucoma"	-	GCST90310211	6:39217829	37386247	"Han X"
rs6935446-A	3E-8	-	NR	-	"0.0498 unit decrease"	[0.032-0.067]	FOXP4,FOXP4-AS1	"Primary open angle glaucoma (multi-trait analysis)"	"open-angle glaucoma"	-	GCST90310211	6:41546634	37386247	"Han X"
rs13191376-T	7E-9	-	NR	-	"0.0503 unit decrease"	[0.033-0.067]	RUNX2	"Primary open angle glaucoma (multi-trait analysis)"	"open-angle glaucoma"	-	GCST90310211	6:45554402	37386247	"Han X"
rs2027274-A	3E-11	-	NR	-	"0.0543 unit increase"	[0.038-0.07]	CLIC5	"Primary open angle glaucoma (multi-trait analysis)"	"open-angle glaucoma"	-	GCST90310211	6:45966343	37386247	"Han X"
rs3798526-A	2E-17	-	NR	-	"0.084 unit decrease"	[0.065-0.103]	TFAP2B	"Primary open angle glaucoma (multi-trait analysis)"	"open-angle glaucoma"	-	GCST90310211	6:50842074	37386247	"Han X"
rs17752199-A	4E-39	-	NR	-	"0.1672 unit increase"	[0.14-0.19]	RPS15AP20,PKHD1	"Primary open angle glaucoma (multi-trait analysis)"	"open-angle glaucoma"	-	GCST90310211	6:51542050	37386247	"Han X"
rs6458804-A	3E-9	-	NR	-	"0.0471 unit decrease"	[0.031-0.063]	PKHD1	"Primary open angle glaucoma (multi-trait analysis)"	"open-angle glaucoma"	-	GCST90310211	6:52015548	37386247	"Han X"
rs9375060-A	1E-11	-	NR	-	"0.1089 unit increase"	[0.077-0.14]	RPL23AP48,HMGB3P18	"Primary open angle glaucoma (multi-trait analysis)"	"open-angle glaucoma"	-	GCST90310211	6:121764248	37386247	"Han X"
rs7760346-A	1E-9	-	NR	-	"0.0477 unit decrease"	[0.032-0.063]	RNU1-18P,HSF2	"Primary open angle glaucoma (multi-trait analysis)"	"open-angle glaucoma"	-	GCST90310211	6:122324153	37386247	"Han X"
rs2811687-A	6E-13	-	NR	-	"0.0566 unit increase"	[0.041-0.072]	SLC2A12	"Primary open angle glaucoma (multi-trait analysis)"	"open-angle glaucoma"	-	GCST90310211	6:134048684	37386247	"Han X"
rs4612174-T	6E-30	-	NR	-	"0.0913 unit increase"	[0.076-0.107]	PDE7B,PDE7B-AS1	"Primary open angle glaucoma (multi-trait analysis)"	"open-angle glaucoma"	-	GCST90310211	6:136141606	37386247	"Han X"
rs36097154-A	2E-11	-	NR	-	"0.0544 unit increase"	[0.039-0.07]	IL34	"Primary open angle glaucoma (multi-trait analysis)"	"open-angle glaucoma"	-	GCST90310211	16:70628913	37386247	"Han X"
rs35091778-T	2E-8	-	NR	-	"0.052 unit increase"	[0.034-0.07]	BCAR1	"Primary open angle glaucoma (multi-trait analysis)"	"open-angle glaucoma"	-	GCST90310211	16:75259149	37386247	"Han X"
rs280875-T	4E-19	-	NR	-	"0.1367 unit decrease"	[0.11-0.17]	NUDT7,LINC02131	"Primary open angle glaucoma (multi-trait analysis)"	"open-angle glaucoma"	-	GCST90310211	16:77627835	37386247	"Han X"
rs1728414-T	2E-18	-	NR	-	"0.1366 unit increase"	[0.11-0.17]	LINC00917,FENDRR	"Primary open angle glaucoma (multi-trait analysis)"	"open-angle glaucoma"	-	GCST90310211	16:86359799	37386247	"Han X"
rs1552654-A	1E-13	-	NR	-	"0.0613 unit increase"	[0.045-0.077]	FENDRR	"Primary open angle glaucoma (multi-trait analysis)"	"open-angle glaucoma"	-	GCST90310211	16:86496522	37386247	"Han X"
rs2238526-A	1E-8	-	NR	-	"0.0458 unit decrease"	[0.03-0.062]	FANCA	"Primary open angle glaucoma (multi-trait analysis)"	"open-angle glaucoma"	-	GCST90310211	16:89760315	37386247	"Han X"
rs7217226-T	2E-17	-	NR	-	"0.0693 unit increase"	[0.053-0.085]	SMG6	"Primary open angle glaucoma (multi-trait analysis)"	"open-angle glaucoma"	-	GCST90310211	17:2232771	37386247	"Han X"
rs10852918-A	2E-21	-	NR	-	"0.0802 unit decrease"	[0.064-0.097]	GAS7	"Primary open angle glaucoma (multi-trait analysis)"	"open-angle glaucoma"	-	GCST90310211	17:9937184	37386247	"Han X"
rs3786080-A	1E-9	-	NR	-	"0.0698 unit decrease"	[0.047-0.092]	GAS7	"Primary open angle glaucoma (multi-trait analysis)"	"open-angle glaucoma"	-	GCST90310211	17:10003237	37386247	"Han X"
rs9913911-A	6E-83	-	NR	-	"0.1554 unit increase"	[0.14-0.17]	GAS7	"Primary open angle glaucoma (multi-trait analysis)"	"open-angle glaucoma"	-	GCST90310211	17:10127866	37386247	"Han X"
rs12452869-T	1E-8	-	NR	-	"0.0525 unit increase"	[0.034-0.071]	GAS7	"Primary open angle glaucoma (multi-trait analysis)"	"open-angle glaucoma"	-	GCST90310211	17:10182977	37386247	"Han X"
rs2074877-T	4E-11	-	NR	-	"0.0522 unit decrease"	[0.037-0.068]	MYHAS,MYH13	"Primary open angle glaucoma (multi-trait analysis)"	"open-angle glaucoma"	-	GCST90310211	17:10320397	37386247	"Han X"
rs1635288-A	6E-10	-	NR	-	"0.061 unit increase"	[0.042-0.08]	LINC02210-CRHR1	"Primary open angle glaucoma (multi-trait analysis)"	"open-angle glaucoma"	-	GCST90310211	17:45679603	37386247	"Han X"
rs60372268-A	2E-11	-	NR	-	"0.0576 unit increase"	[0.041-0.074]	WNT9B	"Primary open angle glaucoma (multi-trait analysis)"	"open-angle glaucoma"	-	GCST90310211	17:46870390	37386247	"Han X"
rs2317385-A	1E-11	-	NR	-	"0.0659 unit decrease"	[0.047-0.085]	MYL4,ITGB3	"Primary open angle glaucoma (multi-trait analysis)"	"open-angle glaucoma"	-	GCST90310211	17:47252316	37386247	"Han X"
rs34666276-T	5E-10	-	NR	-	"0.0523 unit increase"	[0.036-0.069]	ZNF652,FLJ40194	"Primary open angle glaucoma (multi-trait analysis)"	"open-angle glaucoma"	-	GCST90310211	17:49302124	37386247	"Han X"
rs277067-A	2E-11	-	NR	-	"0.0709 unit increase"	[0.05-0.091]	MSI2	"Primary open angle glaucoma (multi-trait analysis)"	"open-angle glaucoma"	-	GCST90310211	17:57488315	37386247	"Han X"
rs6504037-A	3E-11	-	NR	-	"0.061 unit increase"	[0.043-0.079]	BCAS3	"Primary open angle glaucoma (multi-trait analysis)"	"open-angle glaucoma"	-	GCST90310211	17:61316556	37386247	"Han X"
rs72973711-A	3E-10	-	NR	-	"0.1103 unit increase"	[0.076-0.145]	ZNF516	"Primary open angle glaucoma (multi-trait analysis)"	"open-angle glaucoma"	-	GCST90310211	18:76360290	37386247	"Han X"
rs123698-C	6E-15	-	NR	-	"0.0701 unit decrease"	[0.052-0.088]	PTBP1	"Primary open angle glaucoma (multi-trait analysis)"	"open-angle glaucoma"	-	GCST90310211	19:807442	37386247	"Han X"
rs440677-A	4E-10	-	NR	-	"0.0502 unit increase"	[0.035-0.066]	KANK2	"Primary open angle glaucoma (multi-trait analysis)"	"open-angle glaucoma"	-	GCST90310211	19:11174714	37386247	"Han X"
rs2014377-C	4E-8	-	NR	-	"0.0573 unit decrease"	[0.037-0.078]	SIX5	"Primary open angle glaucoma (multi-trait analysis)"	"open-angle glaucoma"	-	GCST90310211	19:45766055	37386247	"Han X"
rs2326788-A	1E-47	-	NR	-	"0.1171 unit decrease"	[0.1-0.13]	CASC20	"Primary open angle glaucoma (multi-trait analysis)"	"open-angle glaucoma"	-	GCST90310211	20:6489447	37386247	"Han X"
rs1049007-A	2E-8	-	NR	-	"0.0469 unit decrease"	[0.03-0.063]	BMP2	"Primary open angle glaucoma (multi-trait analysis)"	"open-angle glaucoma"	-	GCST90310211	20:6770387	37386247	"Han X"
rs34952318-A	6E-9	-	NR	-	"0.1174 unit decrease"	[0.078-0.157]	LINC02871,RPS11P1	"Primary open angle glaucoma (multi-trait analysis)"	"open-angle glaucoma"	-	GCST90310211	20:11196407	37386247	"Han X"
rs150160188-A	1E-8	-	NR	-	"0.2608 unit increase"	[0.17-0.35]	DIRC3	"Primary open angle glaucoma (multi-trait analysis)"	"open-angle glaucoma"	-	GCST90310211	2:217620158	37386247	"Han X"
rs2571445-A	3E-9	-	NR	-	"0.047 unit decrease"	[0.032-0.062]	TNS1	"Primary open angle glaucoma (multi-trait analysis)"	"open-angle glaucoma"	-	GCST90310211	2:217818431	37386247	"Han X"
rs11686906-C	4E-9	-	NR	-	"0.048 unit increase"	[0.032-0.064]	CROCC2	"Primary open angle glaucoma (multi-trait analysis)"	"open-angle glaucoma"	-	GCST90310211	2:240975442	37386247	"Han X"
rs1286770-T	7E-19	-	NR	-	"0.1009 unit decrease"	[0.079-0.123]	RARB	"Primary open angle glaucoma (multi-trait analysis)"	"open-angle glaucoma"	-	GCST90310211	3:25540307	37386247	"Han X"
rs11710720-A	3E-9	-	NR	-	"0.058 unit increase"	[0.039-0.077]	TRIM71,RPL23AP43	"Primary open angle glaucoma (multi-trait analysis)"	"open-angle glaucoma"	-	GCST90310211	3:32812514	37386247	"Han X"
rs9839427-A	6E-10	-	NR	-	"0.0513 unit decrease"	[0.035-0.068]	GNAI2,SEMA3B-AS1	"Primary open angle glaucoma (multi-trait analysis)"	"open-angle glaucoma"	-	GCST90310211	3:50264152	37386247	"Han X"
rs1500708-T	3E-12	-	NR	-	"0.0646 unit decrease"	[0.047-0.083]	ARHGEF3	"Primary open angle glaucoma (multi-trait analysis)"	"open-angle glaucoma"	-	GCST90310211	3:56842568	37386247	"Han X"
rs57161291-A	2E-16	-	NR	-	"0.07 unit increase"	[0.053-0.087]	FLNB	"Primary open angle glaucoma (multi-trait analysis)"	"open-angle glaucoma"	-	GCST90310211	3:58025692	37386247	"Han X"
rs6795104-A	1E-19	-	NR	-	"0.0747 unit increase"	[0.059-0.091]	RPL21P41,KBTBD8	"Primary open angle glaucoma (multi-trait analysis)"	"open-angle glaucoma"	-	GCST90310211	3:66811463	37386247	"Han X"
rs9883252-T	2E-23	-	NR	-	"0.0812 unit increase"	[0.065-0.097]	CADM2	"Primary open angle glaucoma (multi-trait analysis)"	"open-angle glaucoma"	-	GCST90310211	3:85089667	37386247	"Han X"
rs9871635-T	1E-10	-	NR	-	"0.0505 unit decrease"	[0.035-0.066]	CSNKA2IP	"Primary open angle glaucoma (multi-trait analysis)"	"open-angle glaucoma"	-	GCST90310211	3:88349300	37386247	"Han X"
rs13076500-T	2E-13	-	NR	-	"0.0585 unit increase"	[0.043-0.074]	LINC00973	"Primary open angle glaucoma (multi-trait analysis)"	"open-angle glaucoma"	-	GCST90310211	3:99224635	37386247	"Han X"
rs2700617-A	1E-8	-	NR	-	"0.0455 unit decrease"	[0.03-0.061]	ARHGEF28P1,COL8A1	"Primary open angle glaucoma (multi-trait analysis)"	"open-angle glaucoma"	-	GCST90310211	3:99444767	37386247	"Han X"
rs1513313-T	3E-11	-	NR	-	"0.0854 unit increase"	[0.06-0.11]	ARHGEF28P1,COL8A1	"Primary open angle glaucoma (multi-trait analysis)"	"open-angle glaucoma"	-	GCST90310211	3:99538611	37386247	"Han X"
rs142287284-T	9E-9	-	NR	-	"0.0629 unit increase"	[0.041-0.084]	ABI3BP	"Primary open angle glaucoma (multi-trait analysis)"	"open-angle glaucoma"	-	GCST90310211	3:100908811	37386247	"Han X"
rs6437582-A	2E-11	-	NR	-	"0.0529 unit decrease"	[0.037-0.068]	EZRP1,ALCAM	"Primary open angle glaucoma (multi-trait analysis)"	"open-angle glaucoma"	-	GCST90310211	3:105354628	37386247	"Han X"
rs10512626-C	1E-10	-	NR	-	"0.0698 unit increase"	[0.049-0.091]	KALRN	"Primary open angle glaucoma (multi-trait analysis)"	"open-angle glaucoma"	-	GCST90310211	3:124601366	37386247	"Han X"
rs4678145-C	7E-10	-	NR	-	"0.0758 unit decrease"	[0.052-0.1]	UMPS	"Primary open angle glaucoma (multi-trait analysis)"	"open-angle glaucoma"	-	GCST90310211	3:124731234	37386247	"Han X"
rs56203737-A	5E-9	-	NR	-	"0.0716 unit decrease"	[0.048-0.096]	PLXND1	"Primary open angle glaucoma (multi-trait analysis)"	"open-angle glaucoma"	-	GCST90310211	3:129556093	37386247	"Han X"
rs11710845-T	5E-11	-	NR	-	"0.0622 unit decrease"	[0.044-0.081]	LINC01214	"Primary open angle glaucoma (multi-trait analysis)"	"open-angle glaucoma"	-	GCST90310211	3:150347493	37386247	"Han X"
rs13090630-T	8E-14	-	NR	-	"0.086 unit increase"	[0.063-0.109]	MECOM	"Primary open angle glaucoma (multi-trait analysis)"	"open-angle glaucoma"	-	GCST90310211	3:169200231	37386247	"Han X"
rs9816799-T	9E-16	-	NR	-	"0.0622 unit decrease"	[0.047-0.077]	MECOM	"Primary open angle glaucoma (multi-trait analysis)"	"open-angle glaucoma"	-	GCST90310211	3:169504983	37386247	"Han X"
rs73174388-T	6E-10	-	NR	-	"0.106 unit increase"	[0.072-0.14]	MECOM	"Primary open angle glaucoma (multi-trait analysis)"	"open-angle glaucoma"	-	GCST90310211	3:169628036	37386247	"Han X"
rs62283811-T	3E-21	-	NR	-	"0.1394 unit increase"	[0.11-0.17]	FNDC3B	"Primary open angle glaucoma (multi-trait analysis)"	"open-angle glaucoma"	-	GCST90310211	3:172103100	37386247	"Han X"
rs6445054-T	1E-20	-	NR	-	"0.0919 unit increase"	[0.072-0.111]	FNDC3B	"Primary open angle glaucoma (multi-trait analysis)"	"open-angle glaucoma"	-	GCST90310211	3:172274219	37386247	"Han X"
rs13194719-A	1E-11	-	NR	-	"0.0531 unit increase"	[0.038-0.068]	TMEM181	"Primary open angle glaucoma (multi-trait analysis)"	"open-angle glaucoma"	-	GCST90310211	6:158550234	37386247	"Han X"
rs3013274-A	5E-13	-	NR	-	"0.0575 unit decrease"	[0.042-0.073]	RPL12P23,LINC00574	"Primary open angle glaucoma (multi-trait analysis)"	"open-angle glaucoma"	-	GCST90310211	6:170149143	37386247	"Han X"
rs2526099-A	1E-17	-	NR	-	"0.0677 unit decrease"	[0.052-0.083]	THSD7A	"Primary open angle glaucoma (multi-trait analysis)"	"open-angle glaucoma"	-	GCST90310211	7:11638213	37386247	"Han X"
rs10281102-A	7E-10	-	NR	-	"0.071 unit increase"	[0.048-0.094]	JAZF1-AS1	"Primary open angle glaucoma (multi-trait analysis)"	"open-angle glaucoma"	-	GCST90310211	7:28203854	37386247	"Han X"
rs2191828-C	6E-9	-	NR	-	"0.0659 unit increase"	[0.044-0.088]	CREB5	"Primary open angle glaucoma (multi-trait analysis)"	"open-angle glaucoma"	-	GCST90310211	7:28361836	37386247	"Han X"
rs1362228-T	1E-8	-	NR	-	"0.0484 unit increase"	[0.032-0.065]	BBS9	"Primary open angle glaucoma (multi-trait analysis)"	"open-angle glaucoma"	-	GCST90310211	7:33465686	37386247	"Han X"
rs7787132-A	4E-10	-	NR	-	"0.0862 unit increase"	[0.059-0.113]	SEPTIN7,RNU6-1085P	"Primary open angle glaucoma (multi-trait analysis)"	"open-angle glaucoma"	-	GCST90310211	7:35908275	37386247	"Han X"
rs6944670-A	1E-12	-	NR	-	"0.0582 unit increase"	[0.042-0.074]	POU6F2	"Primary open angle glaucoma (multi-trait analysis)"	"open-angle glaucoma"	-	GCST90310211	7:39017509	37386247	"Han X"
rs327720-A	2E-18	-	NR	-	"0.0727 unit decrease"	[0.056-0.089]	SEMA3C,EIF4EP4	"Primary open angle glaucoma (multi-trait analysis)"	"open-angle glaucoma"	-	GCST90310211	7:81210641	37386247	"Han X"
rs7805468-T	2E-10	-	NR	-	"0.0501 unit increase"	[0.035-0.065]	SEMA3E,PCLO	"Primary open angle glaucoma (multi-trait analysis)"	"open-angle glaucoma"	-	GCST90310211	7:83320213	37386247	"Han X"
rs302113-A	2E-10	-	NR	-	"0.0524 unit increase"	[0.036-0.069]	RAD23BP2,SEMA3E	"Primary open angle glaucoma (multi-trait analysis)"	"open-angle glaucoma"	-	GCST90310211	7:83650882	37386247	"Han X"
rs111275352-A	1E-9	-	NR	-	"0.067 unit increase"	[0.045-0.089]	RELN	"Primary open angle glaucoma (multi-trait analysis)"	"open-angle glaucoma"	-	GCST90310211	7:103742016	37386247	"Han X"
rs12667675-A	3E-9	-	NR	-	"0.0634 unit increase"	[0.042-0.084]	RELN	"Primary open angle glaucoma (multi-trait analysis)"	"open-angle glaucoma"	-	GCST90310211	7:103984366	37386247	"Han X"
rs2896175-A	5E-29	-	NR	-	"0.0916 unit increase"	[0.076-0.108]	TFEC,TES	"Primary open angle glaucoma (multi-trait analysis)"	"open-angle glaucoma"	-	GCST90310211	7:116171382	37386247	"Han X"
rs10257125-A	8E-66	-	NR	-	"0.1588 unit decrease"	[0.14-0.18]	CAV1,CAV2	"Primary open angle glaucoma (multi-trait analysis)"	"open-angle glaucoma"	-	GCST90310211	7:116522252	37386247	"Han X"
rs1476454-A	1E-8	-	NR	-	"0.0532 unit increase"	[0.035-0.071]	COMETT,MET	"Primary open angle glaucoma (multi-trait analysis)"	"open-angle glaucoma"	-	GCST90310211	7:116717314	37386247	"Han X"
rs7784849-A	4E-19	-	NR	-	"0.0748 unit decrease"	[0.058-0.091]	LSM8,CTTNBP2	"Primary open angle glaucoma (multi-trait analysis)"	"open-angle glaucoma"	-	GCST90310211	7:117971196	37386247	"Han X"
rs13233583-A	2E-8	-	NR	-	"0.0449 unit increase"	[0.029-0.061]	CALD1	"Primary open angle glaucoma (multi-trait analysis)"	"open-angle glaucoma"	-	GCST90310211	7:134828597	37386247	"Han X"
rs4128399-T	3E-8	-	NR	-	"0.0639 unit decrease"	[0.041-0.087]	PRKAG2	"Primary open angle glaucoma (multi-trait analysis)"	"open-angle glaucoma"	-	GCST90310211	7:151801593	37386247	"Han X"
rs2515437-C	4E-9	-	NR	-	"0.1003 unit decrease"	[0.067-0.134]	ANGPT2,MCPH1	"Primary open angle glaucoma (multi-trait analysis)"	"open-angle glaucoma"	-	GCST90310211	8:6519620	37386247	"Han X"
rs3862091-A	6E-9	-	NR	-	"0.0495 unit decrease"	[0.033-0.066]	MTUS1	"Primary open angle glaucoma (multi-trait analysis)"	"open-angle glaucoma"	-	GCST90310211	8:17673680	37386247	"Han X"
rs35220810-A	4E-13	-	NR	-	"0.0585 unit decrease"	[0.043-0.074]	GTF2E2	"Primary open angle glaucoma (multi-trait analysis)"	"open-angle glaucoma"	-	GCST90310211	8:30595214	37386247	"Han X"
rs12679053-A	5E-9	-	NR	-	"0.0469 unit increase"	[0.031-0.063]	PURG	"Primary open angle glaucoma (multi-trait analysis)"	"open-angle glaucoma"	-	GCST90310211	8:31009255	37386247	"Han X"
rs59541962-C	8E-12	-	NR	-	"0.0594 unit decrease"	[0.042-0.076]	PKIA-AS1,HIGD1AP18	"Primary open angle glaucoma (multi-trait analysis)"	"open-angle glaucoma"	-	GCST90310211	8:78051876	37386247	"Han X"
rs1825424-A	4E-10	-	NR	-	"0.0553 unit decrease"	[0.038-0.073]	ABRA,HMGB1P46	"Primary open angle glaucoma (multi-trait analysis)"	"open-angle glaucoma"	-	GCST90310211	8:106816027	37386247	"Han X"
rs34323411-A	1E-8	-	NR	-	"0.0543 unit increase"	[0.036-0.073]	DGKG	"Primary open angle glaucoma (multi-trait analysis)"	"open-angle glaucoma"	-	GCST90310211	3:186341593	37386247	"Han X"
rs9853115-A	2E-49	-	NR	-	"0.1181 unit decrease"	[0.1-0.13]	DGKG,LINC02020	"Primary open angle glaucoma (multi-trait analysis)"	"open-angle glaucoma"	-	GCST90310211	3:186413811	37386247	"Han X"
rs6787621-T	2E-14	-	NR	-	"0.0661 unit decrease"	[0.049-0.083]	LPP	"Primary open angle glaucoma (multi-trait analysis)"	"open-angle glaucoma"	-	GCST90310211	3:188349165	37386247	"Han X"
rs4689872-C	1E-13	-	NR	-	"0.0581 unit decrease"	[0.043-0.073]	AFAP1	"Primary open angle glaucoma (multi-trait analysis)"	"open-angle glaucoma"	-	GCST90310211	4:7811565	37386247	"Han X"
rs9330348-C	3E-78	-	NR	-	"0.1518 unit increase"	[0.14-0.17]	AFAP1	"Primary open angle glaucoma (multi-trait analysis)"	"open-angle glaucoma"	-	GCST90310211	4:7882160	37386247	"Han X"
rs67349114-A	6E-14	-	NR	-	"0.0738 unit decrease"	[0.055-0.093]	SCFD2	"Primary open angle glaucoma (multi-trait analysis)"	"open-angle glaucoma"	-	GCST90310211	4:53154159	37386247	"Han X"
rs2162137-T	1E-9	-	NR	-	"0.0507 unit decrease"	[0.034-0.067]	RPL22P13,GSX2	"Primary open angle glaucoma (multi-trait analysis)"	"open-angle glaucoma"	-	GCST90310211	4:54139689	37386247	"Han X"
rs13136685-A	1E-10	-	NR	-	"0.058 unit increase"	[0.04-0.076]	ADGRL3	"Primary open angle glaucoma (multi-trait analysis)"	"open-angle glaucoma"	-	GCST90310211	4:61379192	37386247	"Han X"
rs57400569-A	3E-10	-	NR	-	"0.0574 unit decrease"	[0.04-0.075]	FAM13A	"Primary open angle glaucoma (multi-trait analysis)"	"open-angle glaucoma"	-	GCST90310211	4:88831125	37386247	"Han X"
rs11097683-A	5E-9	-	NR	-	"0.0498 unit decrease"	[0.033-0.066]	H2AZ1-DT	"Primary open angle glaucoma (multi-trait analysis)"	"open-angle glaucoma"	-	GCST90310211	4:99954583	37386247	"Han X"
rs1392874-A	3E-12	-	NR	-	"0.0549 unit decrease"	[0.039-0.07]	EMCN	"Primary open angle glaucoma (multi-trait analysis)"	"open-angle glaucoma"	-	GCST90310211	4:100545663	37386247	"Han X"
rs17527016-T	7E-15	-	NR	-	"0.0767 unit decrease"	[0.057-0.096]	RNU6-289P,LYPLA1P2	"Primary open angle glaucoma (multi-trait analysis)"	"open-angle glaucoma"	-	GCST90310211	4:111042563	37386247	"Han X"
rs4833323-A	4E-12	-	NR	-	"0.0549 unit decrease"	[0.039-0.07]	LINC02945	"Primary open angle glaucoma (multi-trait analysis)"	"open-angle glaucoma"	-	GCST90310211	4:111886876	37386247	"Han X"
rs1567047-A	1E-9	-	NR	-	"0.0516 unit decrease"	[0.035-0.068]	FAT4	"Primary open angle glaucoma (multi-trait analysis)"	"open-angle glaucoma"	-	GCST90310211	4:125451587	37386247	"Han X"
rs6534524-A	1E-9	-	NR	-	"0.0472 unit increase"	[0.032-0.062]	LINC02379,TMEM248P1	"Primary open angle glaucoma (multi-trait analysis)"	"open-angle glaucoma"	-	GCST90310211	4:125994594	37386247	"Han X"
rs72621900-C	1E-8	-	NR	-	"0.1019 unit increase"	[0.067-0.137]	INTU,Y_RNA	"Primary open angle glaucoma (multi-trait analysis)"	"open-angle glaucoma"	-	GCST90310211	4:127613850	37386247	"Han X"
rs35770501-T	8E-11	-	NR	-	"0.0545 unit increase"	[0.038-0.071]	STOX2	"Primary open angle glaucoma (multi-trait analysis)"	"open-angle glaucoma"	-	GCST90310211	4:183864210	37386247	"Han X"
rs31916-A	1E-21	-	NR	-	"0.0824 unit increase"	[0.066-0.099]	ANKH	"Primary open angle glaucoma (multi-trait analysis)"	"open-angle glaucoma"	-	GCST90310211	5:14814774	37386247	"Han X"
rs11742611-C	2E-11	-	NR	-	"0.0554 unit increase"	[0.039-0.072]	PELO-AS1	"Primary open angle glaucoma (multi-trait analysis)"	"open-angle glaucoma"	-	GCST90310211	5:52767845	37386247	"Han X"
rs158653-A	8E-13	-	NR	-	"0.0564 unit decrease"	[0.041-0.072]	PSMC1P4,RNU6ATAC2P	"Primary open angle glaucoma (multi-trait analysis)"	"open-angle glaucoma"	-	GCST90310211	5:56282834	37386247	"Han X"
rs286004-T	1E-12	-	NR	-	"0.0556 unit decrease"	[0.04-0.071]	HMGN1P17,LINC01948	"Primary open angle glaucoma (multi-trait analysis)"	"open-angle glaucoma"	-	GCST90310211	5:56410254	37386247	"Han X"
rs184992-A	3E-9	-	NR	-	"0.0544 unit increase"	[0.036-0.072]	HMGN1P17,LINC01948	"Primary open angle glaucoma (multi-trait analysis)"	"open-angle glaucoma"	-	GCST90310211	5:56442531	37386247	"Han X"
rs61275591-A	1E-16	-	NR	-	"0.1071 unit increase"	[0.082-0.133]	LINC01948	"Primary open angle glaucoma (multi-trait analysis)"	"open-angle glaucoma"	-	GCST90310211	5:56479729	37386247	"Han X"
rs1363900-A	5E-9	-	NR	-	"0.0626 unit increase"	[0.042-0.084]	ADAMTS6	"Primary open angle glaucoma (multi-trait analysis)"	"open-angle glaucoma"	-	GCST90310211	5:65154811	37386247	"Han X"
rs7710292-T	8E-10	-	NR	-	"0.0505 unit decrease"	[0.034-0.067]	ZNF366	"Primary open angle glaucoma (multi-trait analysis)"	"open-angle glaucoma"	-	GCST90310211	5:72445963	37386247	"Han X"
rs3019951-T	2E-11	-	NR	-	"0.1005 unit decrease"	[0.071-0.13]	ABRA,HMGB1P46	"Primary open angle glaucoma (multi-trait analysis)"	"open-angle glaucoma"	-	GCST90310211	8:106987665	37386247	"Han X"
rs2514868-T	2E-39	-	NR	-	"0.1453 unit increase"	[0.12-0.17]	ANGPT1	"Primary open angle glaucoma (multi-trait analysis)"	"open-angle glaucoma"	-	GCST90310211	8:107255687	37386247	"Han X"
rs41420946-A	2E-9	-	NR	-	"0.0608 unit increase"	[0.041-0.081]	ANGPT1	"Primary open angle glaucoma (multi-trait analysis)"	"open-angle glaucoma"	-	GCST90310211	8:107312836	37386247	"Han X"
rs1283687-A	8E-10	-	NR	-	"0.0629 unit increase"	[0.043-0.083]	ANGPT1	"Primary open angle glaucoma (multi-trait analysis)"	"open-angle glaucoma"	-	GCST90310211	8:107404211	37386247	"Han X"
rs62525275-T	1E-8	-	NR	-	"0.0658 unit decrease"	[0.043-0.088]	HAS2-AS1	"Primary open angle glaucoma (multi-trait analysis)"	"open-angle glaucoma"	-	GCST90310211	8:121796762	37386247	"Han X"
rs17254069-T	1E-19	-	NR	-	"0.1565 unit decrease"	[0.12-0.19]	RN7SKP155,FBXO32	"Primary open angle glaucoma (multi-trait analysis)"	"open-angle glaucoma"	-	GCST90310211	8:123580226	37386247	"Han X"
rs7866318-A	1E-10	-	NR	-	"0.0516 unit decrease"	[0.036-0.067]	GLIS3	"Primary open angle glaucoma (multi-trait analysis)"	"open-angle glaucoma"	-	GCST90310211	9:4214302	37386247	"Han X"
rs717605-T	2E-8	-	NR	-	"0.0443 unit decrease"	[0.029-0.06]	LINC01235,LINC00583	"Primary open angle glaucoma (multi-trait analysis)"	"open-angle glaucoma"	-	GCST90310211	9:13736966	37386247	"Han X"
rs10810579-T	9E-9	-	NR	-	"0.0456 unit increase"	[0.03-0.061]	BNC2	"Primary open angle glaucoma (multi-trait analysis)"	"open-angle glaucoma"	-	GCST90310211	9:16625063	37386247	"Han X"
rs944801-C	2E-171	-	NR	-	"0.2327 unit increase"	[0.22-0.25]	CDKN2B-AS1	"Primary open angle glaucoma (multi-trait analysis)"	"open-angle glaucoma"	-	GCST90310211	9:22051671	37386247	"Han X"
rs10869665-T	4E-15	-	NR	-	"0.0696 unit decrease"	[0.052-0.087]	PCSK5	"Primary open angle glaucoma (multi-trait analysis)"	"open-angle glaucoma"	-	GCST90310211	9:75904083	37386247	"Han X"
rs4149274-A	3E-10	-	NR	-	"0.0519 unit increase"	[0.036-0.068]	ABCA1	"Primary open angle glaucoma (multi-trait analysis)"	"open-angle glaucoma"	-	GCST90310211	9:104877133	37386247	"Han X"
rs2472510-T	3E-10	-	NR	-	"0.0556 unit increase"	[0.038-0.073]	ABCA1	"Primary open angle glaucoma (multi-trait analysis)"	"open-angle glaucoma"	-	GCST90310211	9:104920841	37386247	"Han X"
rs2472494-T	1E-119	-	NR	-	"0.183 unit increase"	[0.17-0.2]	ABCA1,CT70	"Primary open angle glaucoma (multi-trait analysis)"	"open-angle glaucoma"	-	GCST90310211	9:104933258	37386247	"Han X"
rs2304781-C	3E-10	-	NR	-	"0.0875 unit increase"	[0.06-0.115]	ABITRAM	"Primary open angle glaucoma (multi-trait analysis)"	"open-angle glaucoma"	-	GCST90310211	9:108934668	37386247	"Han X"
rs1336980-C	4E-64	-	NR	-	"0.1437 unit decrease"	[0.13-0.16]	LMX1B	"Primary open angle glaucoma (multi-trait analysis)"	"open-angle glaucoma"	-	GCST90310211	9:126615576	37386247	"Han X"
rs57114917-T	1E-8	-	NR	-	"0.075 unit increase"	[0.049-0.101]	LMX1B	"Primary open angle glaucoma (multi-trait analysis)"	"open-angle glaucoma"	-	GCST90310211	9:126650267	37386247	"Han X"
rs955934-A	1E-15	-	NR	-	"0.0638 unit increase"	[0.048-0.079]	RALGPS1	"Primary open angle glaucoma (multi-trait analysis)"	"open-angle glaucoma"	-	GCST90310211	9:127151318	37386247	"Han X"
rs10988125-A	2E-8	-	NR	-	"0.0476 unit increase"	[0.031-0.064]	ENDOG,TBC1D13	"Primary open angle glaucoma (multi-trait analysis)"	"open-angle glaucoma"	-	GCST90310211	9:128810624	37386247	"Han X"
rs8176749-T	5E-23	-	NR	-	"0.1341 unit increase"	[0.11-0.16]	ABO	"Primary open angle glaucoma (multi-trait analysis)"	"open-angle glaucoma"	-	GCST90310211	9:133255801	37386247	"Han X"
rs11507717-A	4E-10	-	NR	-	"0.0545 unit increase"	[0.037-0.072]	ADAMTSL2	"Primary open angle glaucoma (multi-trait analysis)"	"open-angle glaucoma"	-	GCST90310211	9:133536484	37386247	"Han X"
rs10993832-A	1E-11	-	NR	-	"0.0722 unit decrease"	[0.051-0.093]	VAV2	"Primary open angle glaucoma (multi-trait analysis)"	"open-angle glaucoma"	-	GCST90310211	9:133858010	37386247	"Han X"
rs6602454-A	3E-12	-	NR	-	"0.0581 unit decrease"	[0.042-0.074]	CELF2	"Primary open angle glaucoma (multi-trait analysis)"	"open-angle glaucoma"	-	GCST90310211	10:10799092	37386247	"Han X"
rs281857-C	2E-8	-	NR	-	"0.0831 unit increase"	[0.054-0.112]	CCDC3	"Primary open angle glaucoma (multi-trait analysis)"	"open-angle glaucoma"	-	GCST90310211	10:12921972	37386247	"Han X"
rs2104489-T	1E-8	-	NR	-	"0.0455 unit decrease"	[0.03-0.061]	PRTFDC1,ARHGAP21	"Primary open angle glaucoma (multi-trait analysis)"	"open-angle glaucoma"	-	GCST90310211	10:24837283	37386247	"Han X"
rs11211480-A	3E-8	-	NR	-	"0.047 unit decrease"	[0.031-0.063]	TAL1	"Primary open angle glaucoma (multi-trait analysis)"	"open-angle glaucoma"	-	GCST90310211	1:47227548	37386247	"Han X"
rs11206194-A	1E-13	-	NR	-	"0.06 unit decrease"	[0.044-0.076]	GLIS1	"Primary open angle glaucoma (multi-trait analysis)"	"open-angle glaucoma"	-	GCST90310211	1:53697398	37386247	"Han X"
rs310174-T	2E-8	-	NR	-	"0.0459 unit decrease"	[0.03-0.062]	NFIA	"Primary open angle glaucoma (multi-trait analysis)"	"open-angle glaucoma"	-	GCST90310211	1:60872005	37386247	"Han X"
rs74088119-C	1E-8	-	NR	-	"0.0881 unit decrease"	[0.058-0.118]	TM2D1,NFIA	"Primary open angle glaucoma (multi-trait analysis)"	"open-angle glaucoma"	-	GCST90310211	1:61485274	37386247	"Han X"
rs4076000-A	1E-19	-	NR	-	"0.0752 unit increase"	[0.059-0.091]	COX6B1P7,ELOCP18	"Primary open angle glaucoma (multi-trait analysis)"	"open-angle glaucoma"	-	GCST90310211	1:68371486	37386247	"Han X"
rs11579660-A	6E-12	-	NR	-	"0.1119 unit increase"	[0.08-0.144]	COL24A1	"Primary open angle glaucoma (multi-trait analysis)"	"open-angle glaucoma"	-	GCST90310211	1:86117405	37386247	"Han X"
rs12139208-T	9E-11	-	NR	-	"0.0524 unit increase"	[0.037-0.068]	PKN2-AS1	"Primary open angle glaucoma (multi-trait analysis)"	"open-angle glaucoma"	-	GCST90310211	1:87747331	37386247	"Han X"
rs1192415-A	6E-31	-	NR	-	"0.1153 unit decrease"	[0.096-0.135]	HSP90B3P,WDR82P2	"Primary open angle glaucoma (multi-trait analysis)"	"open-angle glaucoma"	-	GCST90310211	1:91611540	37386247	"Han X"
rs7525880-C	7E-11	-	NR	-	"0.0687 unit increase"	[0.048-0.089]	BCAR3	"Primary open angle glaucoma (multi-trait analysis)"	"open-angle glaucoma"	-	GCST90310211	1:93566431	37386247	"Han X"
rs72977375-A	1E-16	-	NR	-	"0.0663 unit increase"	[0.051-0.082]	LINC01349	"Primary open angle glaucoma (multi-trait analysis)"	"open-angle glaucoma"	-	GCST90310211	1:100636274	37386247	"Han X"
rs4907985-A	2E-12	-	NR	-	"0.055 unit decrease"	[0.04-0.07]	OLFM3,COL11A1	"Primary open angle glaucoma (multi-trait analysis)"	"open-angle glaucoma"	-	GCST90310211	1:102875460	37386247	"Han X"
rs2274568-A	3E-9	-	NR	-	"0.0488 unit decrease"	[0.033-0.065]	ALX3,STRIP1	"Primary open angle glaucoma (multi-trait analysis)"	"open-angle glaucoma"	-	GCST90310211	1:110070303	37386247	"Han X"
rs1106287-T	5E-19	-	NR	-	"0.0805 unit decrease"	[0.063-0.098]	MOV10	"Primary open angle glaucoma (multi-trait analysis)"	"open-angle glaucoma"	-	GCST90310211	1:112699500	37386247	"Han X"
rs67807996-A	2E-9	-	NR	-	"0.052 unit decrease"	[0.035-0.069]	RPL6P31,OTUD7B	"Primary open angle glaucoma (multi-trait analysis)"	"open-angle glaucoma"	-	GCST90310211	1:150023307	37386247	"Han X"
rs11589479-A	5E-9	-	NR	-	"0.0681 unit decrease"	[0.045-0.091]	ADAM15	"Primary open angle glaucoma (multi-trait analysis)"	"open-angle glaucoma"	-	GCST90310211	1:155060832	37386247	"Han X"
rs17486566-A	4E-8	-	NR	-	"0.0583 unit decrease"	[0.038-0.079]	DDR2	"Primary open angle glaucoma (multi-trait analysis)"	"open-angle glaucoma"	-	GCST90310211	1:162700674	37386247	"Han X"
rs7528177-A	6E-143	-	NR	-	"0.3187 unit increase"	[0.29-0.34]	TMCO1	"Primary open angle glaucoma (multi-trait analysis)"	"open-angle glaucoma"	-	GCST90310211	1:165763863	37386247	"Han X"
rs6700575-A	3E-9	-	NR	-	"0.066 unit increase"	[0.044-0.088]	DNM3,PIGC	"Primary open angle glaucoma (multi-trait analysis)"	"open-angle glaucoma"	-	GCST90310211	1:172395572	37386247	"Han X"
rs10912950-T	3E-8	-	NR	-	"0.0435 unit increase"	[0.028-0.059]	TNR,RPS29P4	"Primary open angle glaucoma (multi-trait analysis)"	"open-angle glaucoma"	-	GCST90310211	1:175299929	37386247	"Han X"
rs59795179-A	4E-8	-	NR	-	"0.0462 unit increase"	[0.03-0.063]	TSEN15,Y_RNA	"Primary open angle glaucoma (multi-trait analysis)"	"open-angle glaucoma"	-	GCST90310211	1:184168028	37386247	"Han X"
rs2737655-A	1E-9	-	NR	-	"0.0466 unit increase"	[0.032-0.062]	NR5A2	"Primary open angle glaucoma (multi-trait analysis)"	"open-angle glaucoma"	-	GCST90310211	1:200077877	37386247	"Han X"
rs3767392-T	2E-8	-	NR	-	"0.045 unit decrease"	[0.029-0.061]	PPP1R12B	"Primary open angle glaucoma (multi-trait analysis)"	"open-angle glaucoma"	-	GCST90310211	1:202577973	37386247	"Han X"
rs4601553-A	1E-8	-	NR	-	"0.0447 unit increase"	[0.029-0.06]	LINC01641	"Primary open angle glaucoma (multi-trait analysis)"	"open-angle glaucoma"	-	GCST90310211	1:227408265	37386247	"Han X"
rs4477888-T	1E-9	-	NR	-	"0.0523 unit decrease"	[0.035-0.069]	MIR3681HG	"Primary open angle glaucoma (multi-trait analysis)"	"open-angle glaucoma"	-	GCST90310211	2:11989243	37386247	"Han X"
rs6741499-T	3E-16	-	NR	-	"0.0726 unit increase"	[0.055-0.09]	BABAM2	"Primary open angle glaucoma (multi-trait analysis)"	"open-angle glaucoma"	-	GCST90310211	2:28146569	37386247	"Han X"
rs34447926-A	1E-10	-	NR	-	"0.0573 unit decrease"	[0.04-0.075]	LTBP1	"Primary open angle glaucoma (multi-trait analysis)"	"open-angle glaucoma"	-	GCST90310211	2:33363802	37386247	"Han X"
rs149290349-A	3E-14	-	NR	-	"0.1251 unit increase"	[0.093-0.157]	ZFP36L2,LINC01126	"Primary open angle glaucoma (multi-trait analysis)"	"open-angle glaucoma"	-	GCST90310211	2:43224818	37386247	"Han X"
rs163524-A	1E-10	-	NR	-	"0.0627 unit increase"	[0.043-0.082]	LINC01833	"Primary open angle glaucoma (multi-trait analysis)"	"open-angle glaucoma"	-	GCST90310211	2:44930414	37386247	"Han X"
rs687914-T	6E-10	-	NR	-	"0.0611 unit decrease"	[0.042-0.081]	PRKCE	"Primary open angle glaucoma (multi-trait analysis)"	"open-angle glaucoma"	-	GCST90310211	2:45651621	37386247	"Han X"
rs56360455-T	4E-10	-	NR	-	"0.0674 unit increase"	[0.046-0.089]	C2orf73,SPTBN1	"Primary open angle glaucoma (multi-trait analysis)"	"open-angle glaucoma"	-	GCST90310211	2:54422359	37386247	"Han X"
rs2627761-T	3E-18	-	NR	-	"0.0842 unit decrease"	[0.065-0.103]	PNPT1,EFEMP1	"Primary open angle glaucoma (multi-trait analysis)"	"open-angle glaucoma"	-	GCST90310211	2:55705879	37386247	"Han X"
rs11694213-A	1E-8	-	NR	-	"0.0691 unit increase"	[0.045-0.093]	PNPT1,EFEMP1	"Primary open angle glaucoma (multi-trait analysis)"	"open-angle glaucoma"	-	GCST90310211	2:55861532	37386247	"Han X"
rs4414666-T	3E-25	-	NR	-	"0.086 unit decrease"	[0.07-0.102]	LINC02934,MIR4778	"Primary open angle glaucoma (multi-trait analysis)"	"open-angle glaucoma"	-	GCST90310211	2:66310212	37386247	"Han X"
rs6732795-A	3E-15	-	NR	-	"0.0654 unit decrease"	[0.049-0.082]	ANTXR1	"Primary open angle glaucoma (multi-trait analysis)"	"open-angle glaucoma"	-	GCST90310211	2:69184385	37386247	"Han X"
rs12613800-A	2E-8	-	NR	-	"0.0448 unit increase"	[0.029-0.06]	ZNF638	"Primary open angle glaucoma (multi-trait analysis)"	"open-angle glaucoma"	-	GCST90310211	2:71424809	37386247	"Han X"
rs72818971-T	6E-10	-	NR	-	"0.0759 unit increase"	[0.052-0.1]	NPAS2	"Primary open angle glaucoma (multi-trait analysis)"	"open-angle glaucoma"	-	GCST90310211	2:100986287	37386247	"Han X"
rs9308689-T	1E-12	-	NR	-	"0.0587 unit decrease"	[0.042-0.075]	ACOXL	"Primary open angle glaucoma (multi-trait analysis)"	"open-angle glaucoma"	-	GCST90310211	2:110881198	37386247	"Han X"
rs72823439-T	2E-8	-	NR	-	"0.0568 unit increase"	[0.037-0.077]	ANAPC1	"Primary open angle glaucoma (multi-trait analysis)"	"open-angle glaucoma"	-	GCST90310211	2:111732751	37386247	"Han X"
rs6434068-C	3E-40	-	NR	-	"0.1125 unit increase"	[0.096-0.129]	FMNL2	"Primary open angle glaucoma (multi-trait analysis)"	"open-angle glaucoma"	-	GCST90310211	2:152501027	37386247	"Han X"
rs11674520-A	8E-10	-	NR	-	"0.0494 unit increase"	[0.034-0.065]	SLC38A11	"Primary open angle glaucoma (multi-trait analysis)"	"open-angle glaucoma"	-	GCST90310211	2:164924998	37386247	"Han X"
rs12613876-T	6E-12	-	NR	-	"0.0564 unit increase"	[0.04-0.072]	SLC40A1,KDM3AP1	"Primary open angle glaucoma (multi-trait analysis)"	"open-angle glaucoma"	-	GCST90310211	2:189488040	37386247	"Han X"
rs62172701-A	5E-10	-	NR	-	"0.0559 unit increase"	[0.038-0.074]	PARD3B	"Primary open angle glaucoma (multi-trait analysis)"	"open-angle glaucoma"	-	GCST90310211	2:205133467	37386247	"Han X"
rs7581865-T	8E-12	-	NR	-	"0.0899 unit increase"	[0.064-0.116]	PCED1CP,MIR4776-2	"Primary open angle glaucoma (multi-trait analysis)"	"open-angle glaucoma"	-	GCST90310211	2:212895469	37386247	"Han X"
rs78359867-A	4E-12	-	NR	-	"0.0838 unit decrease"	[0.06-0.107]	SLC30A10,ZC3H11B	"Primary open angle glaucoma (multi-trait analysis)"	"open-angle glaucoma"	-	GCST90310211	1:219641363	37386247	"Han X"
rs1481345-T	8E-9	-	NR	-	"0.0451 unit increase"	[0.03-0.06]	U3,NXNP1	"Primary open angle glaucoma (multi-trait analysis)"	"open-angle glaucoma"	-	GCST90310211	1:218654513	37386247	"Han X"
rs73111535-A	5E-16	-	NR	-	"0.1395 unit decrease"	[0.11-0.17]	LYPLAL1-DT	"Primary open angle glaucoma (multi-trait analysis)"	"open-angle glaucoma"	-	GCST90310211	1:219049508	37386247	"Han X"
rs2605097-A	3E-12	-	NR	-	"0.059 unit decrease"	[0.043-0.075]	LYPLAL1-AS1	"Primary open angle glaucoma (multi-trait analysis)"	"open-angle glaucoma"	-	GCST90310211	1:219468767	37386247	"Han X"
rs2113818-T	1E-17	-	NR	-	"0.0673 unit increase"	[0.052-0.083]	TRIB2,LINC00276	"Primary open angle glaucoma (multi-trait analysis)"	"open-angle glaucoma"	-	GCST90310211	2:12750734	37386247	"Han X"
rs72784723-T	8E-9	-	NR	-	"0.1932 unit increase"	[0.13-0.26]	LINC01376	"Primary open angle glaucoma (multi-trait analysis)"	"open-angle glaucoma"	-	GCST90310211	2:19153880	37386247	"Han X"
rs851400-A	7E-12	-	NR	-	"0.0588 unit increase"	[0.042-0.076]	LINC01376	"Primary open angle glaucoma (multi-trait analysis)"	"open-angle glaucoma"	-	GCST90310211	2:19247340	37386247	"Han X"
rs2745572-?	3E-32	-	NR	-	"0.10404 unit decrease"	[0.087-0.121]	FOXCUT,ELF2P2	"Glaucoma (primary open-angle)"	"open-angle glaucoma"	-	GCST90399470	6:1548134	38382466	"Lo Faro V"
rs2815114-?	4E-10	-	NR	-	"0.053052 unit decrease"	[0.036-0.07]	KCNK5	"Glaucoma (primary open-angle)"	"open-angle glaucoma"	-	GCST90399470	6:39217829	38382466	"Lo Faro V"
rs17752199-?	1E-24	-	NR	-	"0.14174 unit decrease"	[0.11-0.17]	RPS15AP20,PKHD1	"Glaucoma (primary open-angle)"	"open-angle glaucoma"	-	GCST90399470	6:51542050	38382466	"Lo Faro V"
rs34487038-?	6E-10	-	NR	-	"0.081162 unit decrease"	[0.055-0.107]	MECOM	"Glaucoma (primary open-angle)"	"open-angle glaucoma"	-	GCST90399470	3:169191927	38382466	"Lo Faro V"
rs687138-?	1E-19	-	NR	-	"0.1131 unit decrease"	[0.089-0.138]	ME3	"Glaucoma (primary open-angle)"	"open-angle glaucoma"	-	GCST90399470	11:86643939	38382466	"Lo Faro V"
rs285998-?	9E-10	-	NR	-	"0.052435 unit decrease"	[0.036-0.069]	HMGN1P17,LINC01948	"Glaucoma (primary open-angle)"	"open-angle glaucoma"	-	GCST90399470	5:56413227	38382466	"Lo Faro V"
rs4824671-?	1E-9	-	NR	-	"0.058573 unit increase"	[0.04-0.077]	RBM39P1,EFHC2	"Glaucoma (primary open-angle)"	"open-angle glaucoma"	-	GCST90399470	X:44083012	38382466	"Lo Faro V"
rs67655155-?	1E-9	-	NR	-	"0.067523 unit increase"	[0.046-0.089]	GPM6B	"Glaucoma (primary open-angle)"	"open-angle glaucoma"	-	GCST90399470	X:13934003	38382466	"Lo Faro V"
rs4769194-?	2E-18	-	NR	-	"0.085738 unit decrease"	[0.067-0.105]	LINC00540	"Glaucoma (primary open-angle)"	"open-angle glaucoma"	-	GCST90399470	13:22099731	38382466	"Lo Faro V"
rs4612174-?	3E-18	-	NR	-	"0.075036 unit decrease"	[0.058-0.092]	PDE7B,PDE7B-AS1	"Glaucoma (primary open-angle)"	"open-angle glaucoma"	-	GCST90399470	6:136141606	38382466	"Lo Faro V"
rs55882252-?	6E-17	-	NR	-	"0.082949 unit increase"	[0.064-0.102]	FMNL2	"Glaucoma (primary open-angle)"	"open-angle glaucoma"	-	GCST90399470	2:152505186	38382466	"Lo Faro V"
rs59317921-?	5E-9	-	NR	-	"0.057772 unit increase"	[0.038-0.077]	ZBTB44-DT	"Glaucoma (primary open-angle)"	"open-angle glaucoma"	-	GCST90399470	11:130400960	38382466	"Lo Faro V"
rs941125-?	5E-9	-	NR	-	"0.050529 unit increase"	[0.034-0.067]	GLIS1	"Glaucoma (primary open-angle)"	"open-angle glaucoma"	-	GCST90399470	1:53658200	38382466	"Lo Faro V"
rs4076000-?	5E-9	-	NR	-	"0.05446 unit decrease"	[0.036-0.073]	COX6B1P7,ELOCP18	"Glaucoma (primary open-angle)"	"open-angle glaucoma"	-	GCST90399470	1:68371486	38382466	"Lo Faro V"
rs12156362-?	7E-9	-	NR	-	"0.050557 unit decrease"	[0.033-0.068]	GTF2E2	"Glaucoma (primary open-angle)"	"open-angle glaucoma"	-	GCST90399470	8:30628855	38382466	"Lo Faro V"
rs327647-?	7E-9	-	NR	-	"0.053804 unit decrease"	[0.036-0.072]	SEMA3C,EIF4EP4	"Glaucoma (primary open-angle)"	"open-angle glaucoma"	-	GCST90399470	7:81225821	38382466	"Lo Faro V"
rs17527016-?	7E-9	-	NR	-	"0.067038 unit decrease"	[0.044-0.09]	RNU6-289P,LYPLA1P2	"Glaucoma (primary open-angle)"	"open-angle glaucoma"	-	GCST90399470	4:111042563	38382466	"Lo Faro V"
rs4714896-?	8E-9	-	NR	-	"0.05766 unit increase"	[0.038-0.077]	CLIC5	"Glaucoma (primary open-angle)"	"open-angle glaucoma"	-	GCST90399470	6:45960990	38382466	"Lo Faro V"
rs11968883-?	1E-12	-	NR	-	"0.061676 unit decrease"	[0.045-0.079]	TMEM181	"Glaucoma (primary open-angle)"	"open-angle glaucoma"	-	GCST90399470	6:158550379	38382466	"Lo Faro V"
rs6831727-?	1E-8	-	NR	-	"0.051647 unit increase"	[0.034-0.069]	STOX2	"Glaucoma (primary open-angle)"	"open-angle glaucoma"	-	GCST90399470	4:183857683	38382466	"Lo Faro V"
rs116287549-?	1E-8	-	NR	-	"1.2152 unit increase"	[0.8-1.63]	C12orf75	"Glaucoma (primary open-angle)"	"open-angle glaucoma"	-	GCST90399470	12:105253135	38382466	"Lo Faro V"
rs2394685-?	2E-8	-	NR	-	"0.04855 unit increase"	[0.032-0.065]	HLA-F-AS1	"Glaucoma (primary open-angle)"	"open-angle glaucoma"	-	GCST90399470	6:29777662	38382466	"Lo Faro V"
rs6732795-?	2E-8	-	NR	-	"0.051657 unit increase"	[0.034-0.07]	ANTXR1	"Glaucoma (primary open-angle)"	"open-angle glaucoma"	-	GCST90399470	2:69184385	38382466	"Lo Faro V"
rs117336047-?	2E-8	-	NR	-	"0.09814 unit increase"	[0.064-0.132]	UNGP1,HNRNPA1L3	"Glaucoma (primary open-angle)"	"open-angle glaucoma"	-	GCST90399470	16:51549784	38382466	"Lo Faro V"
rs4721359-?	2E-8	-	NR	-	"0.053365 unit increase"	[0.035-0.072]	MAD1L1	"Glaucoma (primary open-angle)"	"open-angle glaucoma"	-	GCST90399470	7:2065316	38382466	"Lo Faro V"
rs10173844-?	2E-8	-	NR	-	"0.048632 unit increase"	[0.032-0.066]	MFF-DT	"Glaucoma (primary open-angle)"	"open-angle glaucoma"	-	GCST90399470	2:227321093	38382466	"Lo Faro V"
rs77136907-?	3E-8	-	NR	-	"0.58779 unit increase"	[0.32-0.86]	NABP1,MYO1B	"Glaucoma (primary open-angle)"	"open-angle glaucoma"	-	GCST90399470	2:191664446	38382466	"Lo Faro V"
rs13049669-?	4E-8	-	NR	-	"0.073875 unit decrease"	[0.048-0.1]	APP,GABPA	"Glaucoma (primary open-angle)"	"open-angle glaucoma"	-	GCST90399470	21:25844528	38382466	"Lo Faro V"
rs75009722-?	4E-8	-	NR	-	"0.1659 unit increase"	[0.11-0.23]	POU6F2	"Glaucoma (primary open-angle)"	"open-angle glaucoma"	-	GCST90399470	7:39111414	38382466	"Lo Faro V"
rs1704654-?	5E-8	-	NR	-	"0.060386 unit increase"	[0.039-0.082]	CATSPERB,NANOGP7	"Glaucoma (primary open-angle)"	"open-angle glaucoma"	-	GCST90399470	14:91604878	38382466	"Lo Faro V"
rs12699251-?	3E-13	-	NR	-	"0.064906 unit increase"	[0.047-0.082]	THSD7A	"Glaucoma (primary open-angle)"	"open-angle glaucoma"	-	GCST90399470	7:11639486	38382466	"Lo Faro V"
rs6442057-?	6E-8	-	NR	-	"0.051394 unit increase"	[0.033-0.07]	CCDC13	"Glaucoma (primary open-angle)"	"open-angle glaucoma"	-	GCST90399470	3:42753558	38382466	"Lo Faro V"
rs4774910-?	4E-13	-	NR	-	"0.061075 unit decrease"	[0.045-0.078]	TCF12	"Glaucoma (primary open-angle)"	"open-angle glaucoma"	-	GCST90399470	15:57118019	38382466	"Lo Faro V"
rs4414666-?	3E-10	-	NR	-	"0.057352 unit decrease"	[0.04-0.075]	LINC02934,MIR4778	"Glaucoma (primary open-angle)"	"open-angle glaucoma"	-	GCST90399470	2:66310212	38382466	"Lo Faro V"
rs3891783-?	3E-10	-	NR	-	"0.051778 unit increase"	[0.036-0.068]	PLCE1	"Glaucoma (primary open-angle)"	"open-angle glaucoma"	-	GCST90399470	10:94256036	38382466	"Lo Faro V"
rs7137828-?	3E-10	-	NR	-	"0.065545 unit increase"	[0.045-0.086]	ATXN2	"Glaucoma (primary open-angle)"	"open-angle glaucoma"	-	GCST90399470	12:111494996	38382466	"Lo Faro V"
rs4236601-?	3E-25	-	NR	-	"0.11309 unit increase"	[0.092-0.134]	CAV1,CAV2	"Glaucoma (primary open-angle)"	"open-angle glaucoma"	-	GCST90399470	7:116522675	38382466	"Lo Faro V"
rs79865584-?	5E-10	-	NR	-	"0.079542 unit decrease"	[0.054-0.105]	CDH11,PPIAP48	"Glaucoma (primary open-angle)"	"open-angle glaucoma"	-	GCST90399470	16:64922041	38382466	"Lo Faro V"
rs9853115-?	8E-20	-	NR	-	"0.07978 unit decrease"	[0.063-0.097]	DGKG,LINC02020	"Glaucoma (primary open-angle)"	"open-angle glaucoma"	-	GCST90399470	3:186413811	38382466	"Lo Faro V"
rs4653159-?	6E-10	-	NR	-	"0.069579 unit increase"	[0.048-0.092]	COL8A2	"Glaucoma (primary open-angle)"	"open-angle glaucoma"	-	GCST90399470	1:36113614	38382466	"Lo Faro V"
rs12794618-?	1E-19	-	NR	-	"0.12518 unit increase"	[0.098-0.152]	ARHGEF12	"Glaucoma (primary open-angle)"	"open-angle glaucoma"	-	GCST90399470	11:120418990	38382466	"Lo Faro V"
rs1497341-?	4E-19	-	NR	-	"0.081306 unit increase"	[0.063-0.099]	SLC6A15,RPL6P25	"Glaucoma (primary open-angle)"	"open-angle glaucoma"	-	GCST90399470	12:83613802	38382466	"Lo Faro V"
rs991016-?	9E-19	-	NR	-	"0.10246 unit decrease"	[0.08-0.125]	BICC1	"Glaucoma (primary open-angle)"	"open-angle glaucoma"	-	GCST90399470	10:58551964	38382466	"Lo Faro V"
rs62518433-?	1E-9	-	NR	-	"0.12303 unit increase"	[0.083-0.163]	RN7SKP155,FBXO32	"Glaucoma (primary open-angle)"	"open-angle glaucoma"	-	GCST90399470	8:123557907	38382466	"Lo Faro V"
rs7972874-?	1E-9	-	NR	-	"0.064292 unit decrease"	[0.044-0.085]	PTHLH,CCDC91	"Glaucoma (primary open-angle)"	"open-angle glaucoma"	-	GCST90399470	12:28050312	38382466	"Lo Faro V"
rs6717278-?	1E-11	-	NR	-	"0.059542 unit decrease"	[0.042-0.077]	LINC00276,TRIB2	"Glaucoma (primary open-angle)"	"open-angle glaucoma"	-	GCST90399470	2:12743940	38382466	"Lo Faro V"
rs1355927-?	2E-9	-	NR	-	"0.089868 unit increase"	[0.061-0.119]	Y_RNA,INTU	"Glaucoma (primary open-angle)"	"open-angle glaucoma"	-	GCST90399470	4:127549411	38382466	"Lo Faro V"
rs1286770-?	2E-9	-	NR	-	"0.072416 unit decrease"	[0.049-0.096]	RARB	"Glaucoma (primary open-angle)"	"open-angle glaucoma"	-	GCST90399470	3:25540307	38382466	"Lo Faro V"
rs12789028-?	2E-9	-	NR	-	"0.067578 unit decrease"	[0.046-0.09]	LTBP3	"Glaucoma (primary open-angle)"	"open-angle glaucoma"	-	GCST90399470	11:65558683	38382466	"Lo Faro V"
rs10752599-?	2E-9	-	NR	-	"0.058175 unit increase"	[0.039-0.077]	GNL2	"Glaucoma (primary open-angle)"	"open-angle glaucoma"	-	GCST90399470	1:37579524	38382466	"Lo Faro V"
rs57892285-?	2E-9	-	NR	-	"1.2788 unit increase"	[0.86-1.7]	LINC01280	"Glaucoma (primary open-angle)"	"open-angle glaucoma"	-	GCST90399470	2:216582311	38382466	"Lo Faro V"
rs62250629-?	1E-13	-	NR	-	"0.065648 unit decrease"	[0.048-0.083]	CADM2	"Glaucoma (primary open-angle)"	"open-angle glaucoma"	-	GCST90399470	3:85121868	38382466	"Lo Faro V"
rs7924522-?	2E-13	-	NR	-	"0.069416 unit increase"	[0.051-0.088]	ETS1	"Glaucoma (primary open-angle)"	"open-angle glaucoma"	-	GCST90399470	11:128510847	38382466	"Lo Faro V"
rs11024102-?	2E-13	-	NR	-	"0.065385 unit increase"	[0.048-0.083]	PLEKHA7	"Glaucoma (primary open-angle)"	"open-angle glaucoma"	-	GCST90399470	11:16987058	38382466	"Lo Faro V"
rs4812371-?	5E-8	-	NR	-	"0.028491 unit decrease"	[0.0093-0.0477]	LINC01734,ATG3P1	"Glaucoma (primary open-angle)"	"open-angle glaucoma"	-	GCST90399470	20:39287714	38382466	"Lo Faro V"
rs8009633-?	4E-13	-	NR	-	"0.071834 unit decrease"	[0.052-0.091]	FERMT2	"Glaucoma (primary open-angle)"	"open-angle glaucoma"	-	GCST90399470	14:52920118	38382466	"Lo Faro V"
rs113420616-?	3E-7	-	NR	-	"0.064318 unit increase"	[0.04-0.089]	-	"Glaucoma (primary open-angle)"	"open-angle glaucoma"	-	GCST90399470	-	38382466	"Lo Faro V"
rs6475604-?	6E-104	-	NR	-	"0.19933 unit increase"	[0.18-0.22]	CDKN2B-AS1	"Glaucoma (primary open-angle)"	"open-angle glaucoma"	-	GCST90399470	9:22052735	38382466	"Lo Faro V"
rs2790049-?	6E-75	-	NR	-	"0.26176 unit decrease"	[0.23-0.29]	TMCO1,TMCO1-AS1	"Glaucoma (primary open-angle)"	"open-angle glaucoma"	-	GCST90399470	1:165774286	38382466	"Lo Faro V"
rs4307771-?	4E-9	-	NR	-	"0.08291 unit increase"	[0.055-0.11]	MIR4776-2,PCED1CP	"Glaucoma (primary open-angle)"	"open-angle glaucoma"	-	GCST90399470	2:212859095	38382466	"Lo Faro V"
rs2715595-?	4E-9	-	NR	-	"0.05104 unit increase"	[0.034-0.068]	SEPTIN7	"Glaucoma (primary open-angle)"	"open-angle glaucoma"	-	GCST90399470	7:35869265	38382466	"Lo Faro V"
rs9544024-?	5E-13	-	NR	-	"0.070169 unit increase"	[0.051-0.089]	LMO7	"Glaucoma (primary open-angle)"	"open-angle glaucoma"	-	GCST90399470	13:75684584	38382466	"Lo Faro V"
rs2514885-?	1E-12	-	NR	-	"0.079574 unit increase"	[0.058-0.101]	ANGPT1	"Glaucoma (primary open-angle)"	"open-angle glaucoma"	-	GCST90399470	8:107264902	38382466	"Lo Faro V"
rs2439387-?	1E-8	-	NR	-	"0.05448 unit decrease"	[0.036-0.073]	SMAD6	"Glaucoma (primary open-angle)"	"open-angle glaucoma"	-	GCST90399470	15:66732613	38382466	"Lo Faro V"
rs13079662-?	1E-12	-	NR	-	"0.088053 unit increase"	[0.064-0.112]	KALRN	"Glaucoma (primary open-angle)"	"open-angle glaucoma"	-	GCST90399470	3:124593505	38382466	"Lo Faro V"
rs9906500-?	1E-12	-	NR	-	"0.062316 unit decrease"	[0.045-0.08]	SMG6	"Glaucoma (primary open-angle)"	"open-angle glaucoma"	-	GCST90399470	17:2225916	38382466	"Lo Faro V"
rs754458-?	3E-12	-	NR	-	"0.060905 unit increase"	[0.044-0.078]	LTBP2,AREL1	"Glaucoma (primary open-angle)"	"open-angle glaucoma"	-	GCST90399470	14:74618126	38382466	"Lo Faro V"
rs2214230-?	3E-12	-	NR	-	"0.067868 unit increase"	[0.049-0.087]	LSM8,CTTNBP2	"Glaucoma (primary open-angle)"	"open-angle glaucoma"	-	GCST90399470	7:117995551	38382466	"Lo Faro V"
rs6787621-?	6E-12	-	NR	-	"0.063297 unit increase"	[0.045-0.081]	LPP	"Glaucoma (primary open-angle)"	"open-angle glaucoma"	-	GCST90399470	3:188349165	38382466	"Lo Faro V"
rs10793962-?	1E-9	-	NR	-	"0.076986 unit increase"	[0.052-0.102]	ABO	"Glaucoma (primary open-angle)"	"open-angle glaucoma"	-	GCST90399470	9:133253728	38382466	"Lo Faro V"
rs62074125-?	1E-11	-	NR	-	"0.082865 unit decrease"	[0.059-0.107]	WNT3	"Glaucoma (primary open-angle)"	"open-angle glaucoma"	-	GCST90399470	17:46775246	38382466	"Lo Faro V"
rs1728417-?	3E-9	-	NR	-	"0.11315 unit decrease"	[0.076-0.151]	LINC00917,FENDRR	"Glaucoma (primary open-angle)"	"open-angle glaucoma"	-	GCST90399470	16:86358786	38382466	"Lo Faro V"
rs6602454-?	3E-11	-	NR	-	"0.061215 unit decrease"	[0.043-0.079]	CELF2	"Glaucoma (primary open-angle)"	"open-angle glaucoma"	-	GCST90399470	10:10799092	38382466	"Lo Faro V"
rs56187701-?	4E-11	-	NR	-	"0.059571 unit increase"	[0.042-0.077]	LINC02349,RORA	"Glaucoma (primary open-angle)"	"open-angle glaucoma"	-	GCST90399470	15:61644157	38382466	"Lo Faro V"
rs933095-?	5E-11	-	NR	-	"0.076305 unit increase"	[0.054-0.099]	RPL36AP12,VCAM1	"Glaucoma (primary open-angle)"	"open-angle glaucoma"	-	GCST90399470	1:100654187	38382466	"Lo Faro V"
rs7111873-?	6E-11	-	NR	-	"0.058517 unit decrease"	[0.041-0.076]	RAPSN	"Glaucoma (primary open-angle)"	"open-angle glaucoma"	-	GCST90399470	11:47447887	38382466	"Lo Faro V"
rs10517281-?	7E-11	-	NR	-	"0.066026 unit decrease"	[0.046-0.086]	SCFD2	"Glaucoma (primary open-angle)"	"open-angle glaucoma"	-	GCST90399470	4:53161428	38382466	"Lo Faro V"
rs2811688-?	7E-11	-	NR	-	"0.058283 unit increase"	[0.041-0.076]	SLC2A12	"Glaucoma (primary open-angle)"	"open-angle glaucoma"	-	GCST90399470	6:134051012	38382466	"Lo Faro V"
rs2041302-?	7E-11	-	NR	-	"0.069405 unit decrease"	[0.049-0.09]	BCAS3	"Glaucoma (primary open-angle)"	"open-angle glaucoma"	-	GCST90399470	17:61159855	38382466	"Lo Faro V"
rs9642159-?	8E-11	-	NR	-	"0.054146 unit decrease"	[0.038-0.07]	PCLO,SEMA3E	"Glaucoma (primary open-angle)"	"open-angle glaucoma"	-	GCST90399470	7:83322926	38382466	"Lo Faro V"
rs57106016-?	9E-11	-	NR	-	"0.063746 unit increase"	[0.044-0.083]	ADGRL3	"Glaucoma (primary open-angle)"	"open-angle glaucoma"	-	GCST90399470	4:61373496	38382466	"Lo Faro V"
rs1530413-?	1E-10	-	NR	-	"0.054991 unit decrease"	[0.038-0.072]	RPL21P41,KBTBD8	"Glaucoma (primary open-angle)"	"open-angle glaucoma"	-	GCST90399470	3:66793342	38382466	"Lo Faro V"
rs883593-?	1E-10	-	NR	-	"0.059525 unit increase"	[0.041-0.078]	MOV10	"Glaucoma (primary open-angle)"	"open-angle glaucoma"	-	GCST90399470	1:112694549	38382466	"Lo Faro V"
rs111847430-?	2E-10	-	NR	-	"0.077172 unit increase"	[0.053-0.101]	OR5B21,OR5B12	"Glaucoma (primary open-angle)"	"open-angle glaucoma"	-	GCST90399470	11:58453979	38382466	"Lo Faro V"
rs31916-?	2E-10	-	NR	-	"0.05786 unit decrease"	[0.04-0.076]	ANKH	"Glaucoma (primary open-angle)"	"open-angle glaucoma"	-	GCST90399470	5:14814774	38382466	"Lo Faro V"
rs11160251-?	2E-10	-	NR	-	"0.058283 unit decrease"	[0.04-0.076]	SYNE3	"Glaucoma (primary open-angle)"	"open-angle glaucoma"	-	GCST90399470	14:95491357	38382466	"Lo Faro V"
rs10779334-?	4E-9	-	NR	-	"0.083895 unit increase"	[0.056-0.112]	LYPLAL1-DT	"Glaucoma (primary open-angle)"	"open-angle glaucoma"	-	GCST90399470	1:218933062	38382466	"Lo Faro V"
rs782610-?	1E-16	-	NR	-	"0.082973 unit decrease"	[0.063-0.103]	EFEMP1,PNPT1	"Glaucoma (primary open-angle)"	"open-angle glaucoma"	-	GCST90399470	2:55708260	38382466	"Lo Faro V"
rs993471-?	2E-16	-	NR	-	"0.070921 unit decrease"	[0.054-0.088]	COL11A1	"Glaucoma (primary open-angle)"	"open-angle glaucoma"	-	GCST90399470	1:102919817	38382466	"Lo Faro V"
rs4822983-?	2E-16	-	NR	-	"0.081206 unit decrease"	[0.062-0.101]	CHEK2	"Glaucoma (primary open-angle)"	"open-angle glaucoma"	-	GCST90399470	22:28719078	38382466	"Lo Faro V"
rs13054713-?	3E-16	-	NR	-	"0.11862 unit decrease"	[0.09-0.147]	TXNRD2	"Glaucoma (primary open-angle)"	"open-angle glaucoma"	-	GCST90399470	22:19880391	38382466	"Lo Faro V"
rs58812088-?	4E-16	-	NR	-	"0.10785 unit increase"	[0.082-0.134]	FNDC3B	"Glaucoma (primary open-angle)"	"open-angle glaucoma"	-	GCST90399470	3:172090956	38382466	"Lo Faro V"
rs61211228-?	1E-15	-	NR	-	"0.076646 unit increase"	[0.058-0.095]	STK38,SRSF3	"Glaucoma (primary open-angle)"	"open-angle glaucoma"	-	GCST90399470	6:36585639	38382466	"Lo Faro V"
rs55678551-?	1E-14	-	NR	-	"0.069289 unit decrease"	[0.052-0.087]	CASC20	"Glaucoma (primary open-angle)"	"open-angle glaucoma"	-	GCST90399470	20:6525628	38382466	"Lo Faro V"
rs2413489-?	2E-14	-	NR	-	"0.070908 unit decrease"	[0.053-0.089]	EIF3L	"Glaucoma (primary open-angle)"	"open-angle glaucoma"	-	GCST90399470	22:37854686	38382466	"Lo Faro V"
rs5942977-?	3E-9	-	NR	-	"0.066661 unit decrease"	[0.045-0.089]	CRIPTO3,M6PRP1	"Glaucoma (primary open-angle)"	"open-angle glaucoma"	-	GCST90399470	X:110590677	38382466	"Lo Faro V"
rs11741233-?	3E-9	-	NR	-	"0.10456 unit increase"	[0.07-0.139]	HMGXB3	"Glaucoma (primary open-angle)"	"open-angle glaucoma"	-	GCST90399470	5:150018992	38382466	"Lo Faro V"
rs1192415-?	3E-11	-	NR	-	"0.071433 unit decrease"	[0.05-0.093]	HSP90B3P,WDR82P2	"Glaucoma (primary open-angle)"	"open-angle glaucoma"	-	GCST90399470	1:91611540	38382466	"Lo Faro V"
rs17029724-?	4E-9	-	NR	-	"0.054352 unit increase"	[0.036-0.072]	H2AZ1-DT	"Glaucoma (primary open-angle)"	"open-angle glaucoma"	-	GCST90399470	4:100050482	38382466	"Lo Faro V"
rs10151220-?	4E-9	-	NR	-	"0.054497 unit decrease"	[0.036-0.073]	EGLN3	"Glaucoma (primary open-angle)"	"open-angle glaucoma"	-	GCST90399470	14:34246259	38382466	"Lo Faro V"
rs2472494-?	7E-71	-	NR	-	"0.15169 unit decrease"	[0.13-0.17]	ABCA1,CT70	"Glaucoma (primary open-angle)"	"open-angle glaucoma"	-	GCST90399470	9:104933258	38382466	"Lo Faro V"
rs33912345-?	3E-55	-	NR	-	"0.13999 unit decrease"	[0.12-0.16]	SIX6,C14orf39	"Glaucoma (primary open-angle)"	"open-angle glaucoma"	-	GCST90399470	14:60509819	38382466	"Lo Faro V"
rs9913911-?	7E-50	-	NR	-	"0.12816 unit decrease"	[0.11-0.15]	GAS7	"Glaucoma (primary open-angle)"	"open-angle glaucoma"	-	GCST90399470	17:10127866	38382466	"Lo Faro V"
rs7686202-?	9E-48	-	NR	-	"0.14135 unit decrease"	[0.12-0.16]	AFAP1	"Glaucoma (primary open-angle)"	"open-angle glaucoma"	-	GCST90399470	4:7896850	38382466	"Lo Faro V"
rs62578126-?	5E-38	-	NR	-	"0.12259 unit decrease"	[0.1-0.14]	LMX1B-DT	"Glaucoma (primary open-angle)"	"open-angle glaucoma"	-	GCST90399470	9:126613059	38382466	"Lo Faro V"
rs74315329-?	7E-38	-	NR	-	"1.8597 unit increase"	[1.58-2.14]	MYOCOS,MYOC	"Glaucoma (primary open-angle)"	"open-angle glaucoma"	-	GCST90399470	1:171636338	38382466	"Lo Faro V"
rs3825942-?	5E-35	-	NR	-	"0.14767 unit decrease"	[0.12-0.17]	LOXL1-AS1,LOXL1	"Glaucoma (primary open-angle)"	"open-angle glaucoma"	-	GCST90399470	15:73927241	38382466	"Lo Faro V"
chr22:46364191-C	2E-13	-	0.6975	-	"0.0797 unit decrease"	[0.057-0.102]	-	"Primary open angle glaucoma (PheCode 365.11)"	"open-angle glaucoma"	-	GCST90475875	-	39024449	"Verma A"
rs12048493-A	1E-12	-	0.6161	-	"0.07831 unit increase"	[0.056-0.101]	OTUD7B	"Primary open angle glaucoma (PheCode 365.11)"	"open-angle glaucoma"	-	GCST90475875	1:149955122	39024449	"Verma A"
rs12150284-C	4E-47	-	0.6383	-	"0.1551 unit increase"	[0.13-0.18]	GAS7	"Primary open angle glaucoma (PheCode 365.11)"	"open-angle glaucoma"	-	GCST90475875	17:10127773	39024449	"Verma A"
rs12628239-G	8E-16	-	0.7161	-	"0.09407 unit increase"	[0.07-0.118]	CHEK2	"Primary open angle glaucoma (PheCode 365.11)"	"open-angle glaucoma"	-	GCST90475875	22:28700373	39024449	"Verma A"
rs2437812-A	1E-45	-	0.415	-	"0.1465 unit increase"	[0.12-0.17]	ABCA1,CT70	"Primary open angle glaucoma (PheCode 365.11)"	"open-angle glaucoma"	-	GCST90475875	9:104930920	39024449	"Verma A"
rs2745572-A	6E-33	-	0.658	-	"0.1273 unit increase"	[0.11-0.15]	FOXCUT,ELF2P2	"Primary open angle glaucoma (PheCode 365.11)"	"open-angle glaucoma"	-	GCST90475875	6:1548134	39024449	"Verma A"
rs28795989-A	6E-42	-	0.4051	-	"0.1367 unit increase"	[0.12-0.16]	AFAP1	"Primary open angle glaucoma (PheCode 365.11)"	"open-angle glaucoma"	-	GCST90475875	4:7889818	39024449	"Verma A"
rs62578127-C	2E-25	-	0.6415	-	"0.11 unit increase"	[0.088-0.132]	LMX1B	"Primary open angle glaucoma (PheCode 365.11)"	"open-angle glaucoma"	-	GCST90475875	9:126624581	39024449	"Verma A"
rs6969706-G	1E-25	-	0.7454	-	"0.1218 unit decrease"	[0.098-0.146]	CAV2,CAV1	"Primary open angle glaucoma (PheCode 365.11)"	"open-angle glaucoma"	-	GCST90475875	7:116514777	39024449	"Verma A"
rs7030641-C	7E-77	-	0.4274	-	"0.1913 unit decrease"	[0.17-0.21]	CDKN2B-AS1	"Primary open angle glaucoma (PheCode 365.11)"	"open-angle glaucoma"	-	GCST90475875	9:22054041	39024449	"Verma A"
rs7080472-G	5E-19	-	0.5645	-	"0.09141 unit decrease"	[0.071-0.112]	PLCE1	"Primary open angle glaucoma (PheCode 365.11)"	"open-angle glaucoma"	-	GCST90475875	10:94253193	39024449	"Verma A"
rs7117285-C	1E-22	-	0.6491	-	"0.1035 unit decrease"	[0.082-0.125]	ARHGEF12	"Primary open angle glaucoma (PheCode 365.11)"	"open-angle glaucoma"	-	GCST90475875	11:120442429	39024449	"Verma A"
rs74315329-G	1E-39	-	0.9986	-	"1.265 unit decrease"	[1.09-1.44]	MYOCOS,MYOC	"Primary open angle glaucoma (PheCode 365.11)"	"open-angle glaucoma"	-	GCST90475875	1:171636338	39024449	"Verma A"
rs782611-T	2E-11	-	0.1903	-	"0.08699 unit increase"	[0.06-0.114]	PNPT1,EFEMP1	"Primary open angle glaucoma (PheCode 365.11)"	"open-angle glaucoma"	-	GCST90475875	2:55708197	39024449	"Verma A"
rs9853115-T	9E-29	-	0.5199	-	"0.1179 unit increase"	[0.096-0.14]	DGKG,LINC02020	"Primary open angle glaucoma (PheCode 365.11)"	"open-angle glaucoma"	-	GCST90475875	3:186413811	39024449	"Verma A"
chr3:88380417-T	4E-12	-	0.5354	-	"0.07434 unit increase"	[0.052-0.097]	-	"Primary open angle glaucoma (PheCode 365.11)"	"open-angle glaucoma"	-	GCST90475875	-	39024449	"Verma A"
chr4:111963719-C	2E-13	-	0.7516	-	"0.08692 unit increase"	[0.063-0.111]	-	"Primary open angle glaucoma (PheCode 365.11)"	"open-angle glaucoma"	-	GCST90475875	-	39024449	"Verma A"
chr5:14836693-G	3E-12	-	0.7246	-	"0.07985 unit increase"	[0.056-0.104]	-	"Primary open angle glaucoma (PheCode 365.11)"	"open-angle glaucoma"	-	GCST90475875	-	39024449	"Verma A"
chr6:51481315-T	4E-12	-	0.1314	-	"0.1101 unit decrease"	[0.078-0.143]	-	"Primary open angle glaucoma (PheCode 365.11)"	"open-angle glaucoma"	-	GCST90475875	-	39024449	"Verma A"
chr6:136474794-T	2E-17	-	0.6319	-	"0.09323 unit increase"	[0.071-0.116]	-	"Primary open angle glaucoma (PheCode 365.11)"	"open-angle glaucoma"	-	GCST90475875	-	39024449	"Verma A"
chr7:117638539-A	7E-12	-	0.2679	-	"0.08264 unit decrease"	[0.058-0.107]	-	"Primary open angle glaucoma (PheCode 365.11)"	"open-angle glaucoma"	-	GCST90475875	-	39024449	"Verma A"
chr8:108274563-A	2E-12	-	0.1296	-	"0.1144 unit decrease"	[0.081-0.148]	-	"Primary open angle glaucoma (PheCode 365.11)"	"open-angle glaucoma"	-	GCST90475875	-	39024449	"Verma A"
chr8:124554317-A	3E-16	-	0.9363	-	"0.1594 unit decrease"	[0.12-0.2]	-	"Primary open angle glaucoma (PheCode 365.11)"	"open-angle glaucoma"	-	GCST90475875	-	39024449	"Verma A"
chr9:136722070-A	8E-20	-	0.8065	-	"0.1206 unit increase"	[0.094-0.148]	-	"Primary open angle glaucoma (PheCode 365.11)"	"open-angle glaucoma"	-	GCST90475875	-	39024449	"Verma A"
chr10:60316211-A	1E-11	-	0.5448	-	"0.06789 unit decrease"	[0.047-0.089]	-	"Primary open angle glaucoma (PheCode 365.11)"	"open-angle glaucoma"	-	GCST90475875	-	39024449	"Verma A"
chr11:47974373-A	3E-11	-	0.3416	-	"0.06995 unit increase"	[0.048-0.092]	-	"Primary open angle glaucoma (PheCode 365.11)"	"open-angle glaucoma"	-	GCST90475875	-	39024449	"Verma A"
chr11:86402876-C	2E-15	-	0.8041	-	"0.09835 unit decrease"	[0.073-0.124]	-	"Primary open angle glaucoma (PheCode 365.11)"	"open-angle glaucoma"	-	GCST90475875	-	39024449	"Verma A"
chr11:110562578-A	1E-11	-	0.9281	-	"0.1401 unit increase"	[0.098-0.182]	-	"Primary open angle glaucoma (PheCode 365.11)"	"open-angle glaucoma"	-	GCST90475875	-	39024449	"Verma A"
chr12:84199820-G	1E-23	-	0.4887	-	"0.1016 unit increase"	[0.081-0.122]	-	"Primary open angle glaucoma (PheCode 365.11)"	"open-angle glaucoma"	-	GCST90475875	-	39024449	"Verma A"
chr13:22978753-T	3E-13	-	0.2628	-	"0.08078 unit increase"	[0.058-0.104]	-	"Primary open angle glaucoma (PheCode 365.11)"	"open-angle glaucoma"	-	GCST90475875	-	39024449	"Verma A"
chr14:53386836-G	9E-13	-	0.778	-	"0.09573 unit increase"	[0.068-0.123]	-	"Primary open angle glaucoma (PheCode 365.11)"	"open-angle glaucoma"	-	GCST90475875	-	39024449	"Verma A"
chr14:61072875-T	1E-37	-	0.4012	-	"0.1284 unit increase"	[0.11-0.15]	-	"Primary open angle glaucoma (PheCode 365.11)"	"open-angle glaucoma"	-	GCST90475875	-	39024449	"Verma A"
chr14:75227784-A	1E-11	-	0.4441	-	"0.08137 unit decrease"	[0.057-0.106]	-	"Primary open angle glaucoma (PheCode 365.11)"	"open-angle glaucoma"	-	GCST90475875	-	39024449	"Verma A"
chr15:57262769-T	1E-17	-	0.4873	-	"0.09077 unit increase"	[0.069-0.113]	-	"Primary open angle glaucoma (PheCode 365.11)"	"open-angle glaucoma"	-	GCST90475875	-	39024449	"Verma A"
chr16:65055840-G	2E-13	-	0.6629	-	"0.08085 unit increase"	[0.058-0.103]	-	"Primary open angle glaucoma (PheCode 365.11)"	"open-angle glaucoma"	-	GCST90475875	-	39024449	"Verma A"
chr16:86394038-G	2E-12	-	0.1051	-	"0.1269 unit increase"	[0.09-0.164]	-	"Primary open angle glaucoma (PheCode 365.11)"	"open-angle glaucoma"	-	GCST90475875	-	39024449	"Verma A"
chr17:44412252-C	3E-13	-	0.3478	-	"0.09326 unit increase"	[0.067-0.12]	-	"Primary open angle glaucoma (PheCode 365.11)"	"open-angle glaucoma"	-	GCST90475875	-	39024449	"Verma A"
chr20:6466644-G	9E-53	-	0.6348	-	"0.09747 unit increase"	[0.084-0.111]	-	"Open-angle glaucoma (PheCode 365.1)"	"open-angle glaucoma"	-	GCST90475872	-	39024449	"Verma A"
chr20:49063830-C	6E-14	-	0.588	-	"0.04582 unit increase"	[0.032-0.059]	-	"Open-angle glaucoma (PheCode 365.1)"	"open-angle glaucoma"	-	GCST90475872	-	39024449	"Verma A"
chr22:19858547-A	8E-16	-	0.8411	-	"0.06999 unit increase"	[0.052-0.088]	-	"Open-angle glaucoma (PheCode 365.1)"	"open-angle glaucoma"	-	GCST90475872	-	39024449	"Verma A"
chr22:29034964-C	1E-76	-	0.3748	-	"0.1206 unit decrease"	[0.11-0.13]	-	"Open-angle glaucoma (PheCode 365.1)"	"open-angle glaucoma"	-	GCST90475872	-	39024449	"Verma A"
chr22:33207697-C	2E-13	-	0.5244	-	"0.04576 unit decrease"	[0.033-0.059]	-	"Open-angle glaucoma (PheCode 365.1)"	"open-angle glaucoma"	-	GCST90475872	-	39024449	"Verma A"
chr22:38138379-G	2E-26	-	0.6672	-	"0.06707 unit decrease"	[0.054-0.081]	-	"Open-angle glaucoma (PheCode 365.1)"	"open-angle glaucoma"	-	GCST90475872	-	39024449	"Verma A"
rs1192415-G	1E-69	-	0.183	-	"0.132 unit increase"	[0.12-0.15]	HSP90B3P,WDR82P2	"Open-angle glaucoma (PheCode 365.1)"	"open-angle glaucoma"	-	GCST90475872	1:91611540	39024449	"Verma A"
rs12048493-A	2E-12	-	0.6161	-	"0.04522 unit increase"	[0.031-0.059]	OTUD7B	"Open-angle glaucoma (PheCode 365.1)"	"open-angle glaucoma"	-	GCST90475872	1:149955122	39024449	"Verma A"
rs12150284-C	5E-47	-	0.638	-	"0.09206 unit increase"	[0.078-0.106]	GAS7	"Open-angle glaucoma (PheCode 365.1)"	"open-angle glaucoma"	-	GCST90475872	17:10127773	39024449	"Verma A"
rs12494328-G	3E-24	-	0.7794	-	"0.07316 unit decrease"	[0.058-0.089]	FLNB	"Open-angle glaucoma (PheCode 365.1)"	"open-angle glaucoma"	-	GCST90475872	3:58049770	39024449	"Verma A"
rs12789028-G	4E-19	-	0.8125	-	"0.07066 unit increase"	[0.054-0.087]	LTBP3	"Open-angle glaucoma (PheCode 365.1)"	"open-angle glaucoma"	-	GCST90475872	11:65558683	39024449	"Verma A"
rs12869698-G	6E-24	-	0.564	-	"0.06291 unit decrease"	[0.049-0.077]	LINC03082	"Open-angle glaucoma (PheCode 365.1)"	"open-angle glaucoma"	-	GCST90475872	13:110121952	39024449	"Verma A"
rs1420993-G	1E-37	-	0.3193	-	"0.0829 unit increase"	[0.069-0.097]	HNRNPA1L3,UNGP1	"Open-angle glaucoma (PheCode 365.1)"	"open-angle glaucoma"	-	GCST90475872	16:51430987	39024449	"Verma A"
rs158638-G	2E-13	-	0.5305	-	"0.04845 unit increase"	[0.035-0.062]	PSMC1P4,RNU6ATAC2P	"Open-angle glaucoma (PheCode 365.1)"	"open-angle glaucoma"	-	GCST90475872	5:56280189	39024449	"Verma A"
rs1687681-C	6E-30	-	0.1022	-	"0.1234 unit increase"	[0.1-0.15]	FENDRR,LINC00917	"Open-angle glaucoma (PheCode 365.1)"	"open-angle glaucoma"	-	GCST90475872	16:86355588	39024449	"Verma A"
rs1859032-G	2E-15	-	0.3536	-	"0.05107 unit decrease"	[0.037-0.065]	CTTNBP2,LSM8	"Open-angle glaucoma (PheCode 365.1)"	"open-angle glaucoma"	-	GCST90475872	7:117991924	39024449	"Verma A"
rs2684249-T	7E-14	-	0.6074	-	"0.04521 unit increase"	[0.032-0.059]	HMGB3P18,RNU1-18P	"Open-angle glaucoma (PheCode 365.1)"	"open-angle glaucoma"	-	GCST90475872	6:122071365	39024449	"Verma A"
rs2745572-A	6E-28	-	0.6581	-	"0.06858 unit increase"	[0.055-0.082]	FOXCUT,ELF2P2	"Open-angle glaucoma (PheCode 365.1)"	"open-angle glaucoma"	-	GCST90475872	6:1548134	39024449	"Verma A"
rs28752120-T	1E-32	-	0.4105	-	"0.07228 unit increase"	[0.059-0.085]	AFAP1	"Open-angle glaucoma (PheCode 365.1)"	"open-angle glaucoma"	-	GCST90475872	4:7889484	39024449	"Verma A"
rs34471628-A	3E-15	-	0.9646	-	"0.1369 unit increase"	[0.1-0.17]	DUSP1	"Open-angle glaucoma (PheCode 365.1)"	"open-angle glaucoma"	-	GCST90475872	5:172769749	39024449	"Verma A"
rs34935520-G	2E-91	-	0.4048	-	"0.1233 unit increase"	[0.11-0.14]	C14orf39,SALRNA1	"Open-angle glaucoma (PheCode 365.1)"	"open-angle glaucoma"	-	GCST90475872	14:60624683	39024449	"Verma A"
rs3858145-A	2E-58	-	0.733	-	"0.109 unit increase"	[0.094-0.124]	LINC02640,KRT19P4	"Open-angle glaucoma (PheCode 365.1)"	"open-angle glaucoma"	-	GCST90475872	10:68252081	39024449	"Verma A"
rs4884014-A	5E-14	-	0.7818	-	"0.0549 unit increase"	[0.039-0.071]	LMO7	"Open-angle glaucoma (PheCode 365.1)"	"open-angle glaucoma"	-	GCST90475872	13:75681736	39024449	"Verma A"
rs5442-G	4E-11	-	0.9327	-	"0.07586 unit decrease"	[0.051-0.101]	CDCA3,GNB3	"Open-angle glaucoma (PheCode 365.1)"	"open-angle glaucoma"	-	GCST90475872	12:6845700	39024449	"Verma A"
rs57866767-T	3E-25	-	0.5585	-	"0.06232 unit decrease"	[0.049-0.075]	PLCE1	"Open-angle glaucoma (PheCode 365.1)"	"open-angle glaucoma"	-	GCST90475872	10:94263320	39024449	"Verma A"
chr20:6469596-G	2E-16	-	0.6583	-	"0.08844 unit increase"	[0.066-0.111]	-	"Primary open angle glaucoma (PheCode 365.11)"	"open-angle glaucoma"	-	GCST90475875	-	39024449	"Verma A"
chr22:19858547-A	5E-18	-	0.8411	-	"0.1227 unit increase"	[0.094-0.152]	-	"Primary open angle glaucoma (PheCode 365.11)"	"open-angle glaucoma"	-	GCST90475875	-	39024449	"Verma A"
chr22:33207697-C	2E-11	-	0.5243	-	"0.06887 unit decrease"	[0.048-0.09]	-	"Primary open angle glaucoma (PheCode 365.11)"	"open-angle glaucoma"	-	GCST90475875	-	39024449	"Verma A"
rs57874761-A	5E-19	-	0.4581	-	"0.052 unit decrease"	[0.039-0.065]	RFLNA	"Open-angle glaucoma (PheCode 365.1)"	"open-angle glaucoma"	-	GCST90475872	12:124181837	39024449	"Verma A"
rs587611953-C	4E-15	-	0.8204	-	"0.07277 unit decrease"	[0.053-0.092]	ABO	"Open-angle glaucoma (PheCode 365.1)"	"open-angle glaucoma"	-	GCST90475872	9:133270004	39024449	"Verma A"
rs62578127-C	3E-17	-	0.6417	-	"0.05393 unit increase"	[0.041-0.067]	LMX1B	"Open-angle glaucoma (PheCode 365.1)"	"open-angle glaucoma"	-	GCST90475872	9:126624581	39024449	"Verma A"
rs6434068-G	2E-17	-	0.4385	-	"0.04928 unit decrease"	[0.036-0.062]	FMNL2	"Open-angle glaucoma (PheCode 365.1)"	"open-angle glaucoma"	-	GCST90475872	2:152501027	39024449	"Verma A"
rs6967846-C	4E-15	-	0.8398	-	"0.06441 unit decrease"	[0.047-0.082]	DGKB	"Open-angle glaucoma (PheCode 365.1)"	"open-angle glaucoma"	-	GCST90475872	7:14196176	39024449	"Verma A"
rs7030641-C	7E-157	-	0.4275	-	"0.1637 unit decrease"	[0.15-0.18]	CDKN2B-AS1	"Open-angle glaucoma (PheCode 365.1)"	"open-angle glaucoma"	-	GCST90475872	9:22054041	39024449	"Verma A"
rs72778322-G	5E-16	-	0.9849	-	"0.2238 unit increase"	[0.16-0.28]	LINC01376	"Open-angle glaucoma (PheCode 365.1)"	"open-angle glaucoma"	-	GCST90475872	2:19178340	39024449	"Verma A"
rs74315329-G	3E-29	-	0.9986	-	"0.7485 unit decrease"	[0.61-0.89]	MYOCOS,MYOC	"Open-angle glaucoma (PheCode 365.1)"	"open-angle glaucoma"	-	GCST90475872	1:171636338	39024449	"Verma A"
rs7936928-T	2E-20	-	0.3985	-	"0.05845 unit decrease"	[0.045-0.072]	ADAMTS8,ZBTB44-DT	"Open-angle glaucoma (PheCode 365.1)"	"open-angle glaucoma"	-	GCST90475872	11:130409273	39024449	"Verma A"
rs8027468-A	2E-23	-	0.7949	-	"0.07302 unit decrease"	[0.057-0.089]	ASB7,GCAWKR	"Open-angle glaucoma (PheCode 365.1)"	"open-angle glaucoma"	-	GCST90475872	15:100663530	39024449	"Verma A"
rs909509-A	2E-18	-	0.6924	-	"0.05572 unit decrease"	[0.042-0.07]	PRDM16	"Open-angle glaucoma (PheCode 365.1)"	"open-angle glaucoma"	-	GCST90475872	1:3135057	39024449	"Verma A"
rs9853115-T	4E-24	-	0.52	-	"0.06331 unit increase"	[0.05-0.077]	DGKG,LINC02020	"Open-angle glaucoma (PheCode 365.1)"	"open-angle glaucoma"	-	GCST90475872	3:186413811	39024449	"Verma A"
chr1:165711510-C	1E-12	-	0.1594	-	"0.2942 unit increase"	[0.22-0.37]	-	"Primary open angle glaucoma (PheCode 365.11)"	"open-angle glaucoma"	-	GCST90475873	-	39024449	"Verma A"
chr9:22049130-C	4E-14	-	0.3621	-	"0.2467 unit decrease"	[0.18-0.31]	-	"Primary open angle glaucoma (PheCode 365.11)"	"open-angle glaucoma"	-	GCST90475873	-	39024449	"Verma A"
chr1:165722646-T	1E-16	-	0.09407	-	"0.2118 unit increase"	[0.16-0.26]	-	"Primary open angle glaucoma (PheCode 365.11)"	"open-angle glaucoma"	-	GCST90475874	-	39024449	"Verma A"
chr2:46274927-A	1E-11	-	0.9258	-	"0.1849 unit increase"	[0.13-0.24]	-	"Primary open angle glaucoma (PheCode 365.11)"	"open-angle glaucoma"	-	GCST90475874	-	39024449	"Verma A"
chr4:7813537-G	4E-14	-	0.8881	-	"0.1755 unit increase"	[0.13-0.22]	-	"Primary open angle glaucoma (PheCode 365.11)"	"open-angle glaucoma"	-	GCST90475874	-	39024449	"Verma A"
rs2078555-C	2E-14	-	0.6783	-	"0.1189 unit increase"	[0.088-0.149]	CHEK2	"Primary open angle glaucoma (PheCode 365.11)"	"open-angle glaucoma"	-	GCST90475874	22:28714771	39024449	"Verma A"
rs6475604-T	6E-13	-	0.08171	-	"0.2119 unit decrease"	[0.15-0.27]	CDKN2B-AS1	"Primary open angle glaucoma (PheCode 365.11)"	"open-angle glaucoma"	-	GCST90475874	9:22052735	39024449	"Verma A"
chr1:32193647-T	1E-11	-	0.362	-	"0.0748 unit decrease"	[0.052-0.098]	-	"Primary open angle glaucoma (PheCode 365.11)"	"open-angle glaucoma"	-	GCST90475875	-	39024449	"Verma A"
chr1:92080059-A	3E-12	-	0.2046	-	"0.0882 unit increase"	[0.062-0.114]	-	"Primary open angle glaucoma (PheCode 365.11)"	"open-angle glaucoma"	-	GCST90475875	-	39024449	"Verma A"
chr1:165694897-T	7E-81	-	0.1362	-	"0.2809 unit increase"	[0.25-0.31]	-	"Primary open angle glaucoma (PheCode 365.11)"	"open-angle glaucoma"	-	GCST90475875	-	39024449	"Verma A"
chr2:66546314-A	4E-12	-	0.6334	-	"0.07435 unit decrease"	[0.052-0.097]	-	"Primary open angle glaucoma (PheCode 365.11)"	"open-angle glaucoma"	-	GCST90475875	-	39024449	"Verma A"
chr2:153364527-A	3E-19	-	0.4407	-	"0.08977 unit decrease"	[0.069-0.111]	-	"Primary open angle glaucoma (PheCode 365.11)"	"open-angle glaucoma"	-	GCST90475875	-	39024449	"Verma A"
chr3:85153235-G	2E-18	-	0.3991	-	"0.08836 unit increase"	[0.068-0.109]	-	"Primary open angle glaucoma (PheCode 365.11)"	"open-angle glaucoma"	-	GCST90475875	-	39024449	"Verma A"
chr22:30598516-T	4E-11	-	0.5622	-	"0.06568 unit decrease"	[0.046-0.086]	-	"Open-angle glaucoma (PheCode 365.1)"	"open-angle glaucoma"	-	GCST90475871	-	39024449	"Verma A"
rs116561981-A	1E-17	-	0.6753	-	"0.09013 unit decrease"	[0.069-0.111]	NIP7P1,XRCC6P1	"Open-angle glaucoma (PheCode 365.1)"	"open-angle glaucoma"	-	GCST90475871	10:93201869	39024449	"Verma A"
rs1192415-G	1E-18	-	0.183	-	"0.1082 unit increase"	[0.084-0.133]	HSP90B3P,WDR82P2	"Open-angle glaucoma (PheCode 365.1)"	"open-angle glaucoma"	-	GCST90475871	1:91611540	39024449	"Verma A"
rs4822983-C	4E-37	-	0.5858	-	"0.1316 unit increase"	[0.11-0.15]	CHEK2	"Open-angle glaucoma (PheCode 365.1)"	"open-angle glaucoma"	-	GCST90475871	22:28719078	39024449	"Verma A"
rs72778322-G	7E-14	-	0.9506	-	"0.1959 unit increase"	[0.14-0.25]	LINC01376	"Open-angle glaucoma (PheCode 365.1)"	"open-angle glaucoma"	-	GCST90475871	2:19178340	39024449	"Verma A"
chr1:8404093-C	3E-11	-	0.712	-	"0.0468 unit decrease"	[0.032-0.061]	-	"Open-angle glaucoma (PheCode 365.1)"	"open-angle glaucoma"	-	GCST90475872	-	39024449	"Verma A"
chr1:12652131-C	1E-12	-	0.8317	-	"0.05771 unit decrease"	[0.04-0.075]	-	"Open-angle glaucoma (PheCode 365.1)"	"open-angle glaucoma"	-	GCST90475872	-	39024449	"Verma A"
chr1:32177936-T	4E-13	-	0.3521	-	"0.04689 unit decrease"	[0.033-0.06]	-	"Open-angle glaucoma (PheCode 365.1)"	"open-angle glaucoma"	-	GCST90475872	-	39024449	"Verma A"
chr1:46406582-C	7E-13	-	0.7147	-	"0.04659 unit increase"	[0.032-0.061]	-	"Open-angle glaucoma (PheCode 365.1)"	"open-angle glaucoma"	-	GCST90475872	-	39024449	"Verma A"
chr1:68852194-A	1E-21	-	0.6136	-	"0.06104 unit decrease"	[0.047-0.075]	-	"Open-angle glaucoma (PheCode 365.1)"	"open-angle glaucoma"	-	GCST90475872	-	39024449	"Verma A"
chr1:165694897-T	4E-72	-	0.1362	-	"0.1637 unit increase"	[0.14-0.18]	-	"Open-angle glaucoma (PheCode 365.1)"	"open-angle glaucoma"	-	GCST90475872	-	39024449	"Verma A"
chr1:219445710-A	6E-16	-	0.7107	-	"0.0531 unit increase"	[0.039-0.067]	-	"Open-angle glaucoma (PheCode 365.1)"	"open-angle glaucoma"	-	GCST90475872	-	39024449	"Verma A"
chr1:222020150-C	2E-12	-	0.4971	-	"0.04164 unit increase"	[0.028-0.055]	-	"Open-angle glaucoma (PheCode 365.1)"	"open-angle glaucoma"	-	GCST90475872	-	39024449	"Verma A"
chr1:227562721-C	3E-23	-	0.9313	-	"0.1161 unit decrease"	[0.091-0.141]	-	"Open-angle glaucoma (PheCode 365.1)"	"open-angle glaucoma"	-	GCST90475872	-	39024449	"Verma A"
chr2:12877060-G	2E-14	-	0.5316	-	"0.04833 unit increase"	[0.035-0.062]	-	"Open-angle glaucoma (PheCode 365.1)"	"open-angle glaucoma"	-	GCST90475872	-	39024449	"Verma A"
chr2:56106928-C	1E-16	-	0.7662	-	"0.05894 unit increase"	[0.044-0.074]	-	"Open-angle glaucoma (PheCode 365.1)"	"open-angle glaucoma"	-	GCST90475872	-	39024449	"Verma A"
chr2:66579811-T	3E-16	-	0.6373	-	"0.05192 unit decrease"	[0.038-0.066]	-	"Open-angle glaucoma (PheCode 365.1)"	"open-angle glaucoma"	-	GCST90475872	-	39024449	"Verma A"
chr2:111615421-G	8E-15	-	0.6644	-	"0.049 unit increase"	[0.035-0.063]	-	"Open-angle glaucoma (PheCode 365.1)"	"open-angle glaucoma"	-	GCST90475872	-	39024449	"Verma A"
chr2:227816200-T	1E-11	-	0.5991	-	"0.04214 unit decrease"	[0.029-0.055]	-	"Open-angle glaucoma (PheCode 365.1)"	"open-angle glaucoma"	-	GCST90475872	-	39024449	"Verma A"
chr3:25340452-C	4E-11	-	0.4265	-	"0.04432 unit decrease"	[0.03-0.059]	-	"Open-angle glaucoma (PheCode 365.1)"	"open-angle glaucoma"	-	GCST90475872	-	39024449	"Verma A"
chr3:48751820-G	1E-13	-	0.3744	-	"0.04576 unit increase"	[0.032-0.059]	-	"Open-angle glaucoma (PheCode 365.1)"	"open-angle glaucoma"	-	GCST90475872	-	39024449	"Verma A"
chr3:64413709-C	9E-16	-	0.4859	-	"0.04827 unit increase"	[0.035-0.061]	-	"Open-angle glaucoma (PheCode 365.1)"	"open-angle glaucoma"	-	GCST90475872	-	39024449	"Verma A"
chr3:66856411-G	7E-17	-	0.8228	-	"0.06602 unit increase"	[0.049-0.083]	-	"Open-angle glaucoma (PheCode 365.1)"	"open-angle glaucoma"	-	GCST90475872	-	39024449	"Verma A"
chr3:85137499-A	2E-13	-	0.403	-	"0.04346 unit increase"	[0.03-0.057]	-	"Open-angle glaucoma (PheCode 365.1)"	"open-angle glaucoma"	-	GCST90475872	-	39024449	"Verma A"
chr3:88409534-C	5E-28	-	0.4545	-	"0.06674 unit increase"	[0.054-0.08]	-	"Open-angle glaucoma (PheCode 365.1)"	"open-angle glaucoma"	-	GCST90475872	-	39024449	"Verma A"
chr1:165686724-C	4E-12	-	0.9744	-	"0.4003 unit decrease"	[0.29-0.51]	-	"Open-angle glaucoma (PheCode 365.1)"	"open-angle glaucoma"	-	GCST90475870	-	39024449	"Verma A"
chr9:22040765-C	6E-25	-	0.2474	-	"0.2295 unit decrease"	[0.19-0.27]	-	"Open-angle glaucoma (PheCode 365.1)"	"open-angle glaucoma"	-	GCST90475870	-	39024449	"Verma A"
chr10:69996624-A	6E-14	-	0.3053	-	"0.1494 unit decrease"	[0.11-0.19]	-	"Open-angle glaucoma (PheCode 365.1)"	"open-angle glaucoma"	-	GCST90475870	-	39024449	"Verma A"
chr12:84028783-C	1E-16	-	0.5647	-	"0.1484 unit increase"	[0.11-0.18]	-	"Open-angle glaucoma (PheCode 365.1)"	"open-angle glaucoma"	-	GCST90475870	-	39024449	"Verma A"
chr14:60808553-C	1E-14	-	0.7037	-	"0.1619 unit decrease"	[0.12-0.2]	-	"Open-angle glaucoma (PheCode 365.1)"	"open-angle glaucoma"	-	GCST90475870	-	39024449	"Verma A"
chr22:29127412-A	3E-12	-	0.665	-	"0.1354 unit increase"	[0.098-0.173]	-	"Open-angle glaucoma (PheCode 365.1)"	"open-angle glaucoma"	-	GCST90475870	-	39024449	"Verma A"
chr3:25621341-G	2E-12	-	0.8125	-	"0.1043 unit increase"	[0.075-0.133]	-	"Open-angle glaucoma (PheCode 365.1)"	"open-angle glaucoma"	-	GCST90475871	-	39024449	"Verma A"
chr3:99152799-C	3E-11	-	0.5315	-	"0.0687 unit decrease"	[0.048-0.089]	-	"Open-angle glaucoma (PheCode 365.1)"	"open-angle glaucoma"	-	GCST90475871	-	39024449	"Verma A"
chr4:7813537-G	4E-11	-	0.8882	-	"0.1097 unit increase"	[0.077-0.142]	-	"Open-angle glaucoma (PheCode 365.1)"	"open-angle glaucoma"	-	GCST90475871	-	39024449	"Verma A"
chr7:46022511-A	2E-11	-	0.9298	-	"0.1487 unit decrease"	[0.1-0.19]	-	"Open-angle glaucoma (PheCode 365.1)"	"open-angle glaucoma"	-	GCST90475871	-	39024449	"Verma A"
chr9:13214553-G	5E-13	-	0.8756	-	"0.1191 unit increase"	[0.086-0.152]	-	"Open-angle glaucoma (PheCode 365.1)"	"open-angle glaucoma"	-	GCST90475871	-	39024449	"Verma A"
chr9:14155418-G	9E-14	-	0.8474	-	"0.1074 unit increase"	[0.079-0.136]	-	"Open-angle glaucoma (PheCode 365.1)"	"open-angle glaucoma"	-	GCST90475871	-	39024449	"Verma A"
chr9:14883847-A	5E-12	-	0.125	-	"0.1272 unit decrease"	[0.09-0.164]	-	"Open-angle glaucoma (PheCode 365.1)"	"open-angle glaucoma"	-	GCST90475871	-	39024449	"Verma A"
chr9:16930541-A	6E-16	-	0.858	-	"0.1231 unit increase"	[0.093-0.153]	-	"Open-angle glaucoma (PheCode 365.1)"	"open-angle glaucoma"	-	GCST90475871	-	39024449	"Verma A"
chr9:17513107-G	4E-15	-	0.8345	-	"0.1155 unit increase"	[0.087-0.144]	-	"Open-angle glaucoma (PheCode 365.1)"	"open-angle glaucoma"	-	GCST90475871	-	39024449	"Verma A"
chr9:18551961-G	1E-11	-	0.8796	-	"0.1084 unit increase"	[0.077-0.14]	-	"Open-angle glaucoma (PheCode 365.1)"	"open-angle glaucoma"	-	GCST90475871	-	39024449	"Verma A"
chr9:19790795-C	1E-13	-	0.8565	-	"0.1129 unit increase"	[0.083-0.143]	-	"Open-angle glaucoma (PheCode 365.1)"	"open-angle glaucoma"	-	GCST90475871	-	39024449	"Verma A"
chr9:22019673-G	3E-19	-	0.9251	-	"0.1798 unit increase"	[0.14-0.22]	-	"Open-angle glaucoma (PheCode 365.1)"	"open-angle glaucoma"	-	GCST90475871	-	39024449	"Verma A"
chr9:24545513-G	4E-13	-	0.1032	-	"0.1217 unit decrease"	[0.088-0.155]	-	"Open-angle glaucoma (PheCode 365.1)"	"open-angle glaucoma"	-	GCST90475871	-	39024449	"Verma A"
chr10:69996455-A	1E-18	-	0.7332	-	"0.1055 unit decrease"	[0.082-0.129]	-	"Open-angle glaucoma (PheCode 365.1)"	"open-angle glaucoma"	-	GCST90475871	-	39024449	"Verma A"
chr12:83982848-T	2E-19	-	0.411	-	"0.0922 unit decrease"	[0.071-0.113]	-	"Open-angle glaucoma (PheCode 365.1)"	"open-angle glaucoma"	-	GCST90475871	-	39024449	"Verma A"
chr14:60813416-G	2E-12	-	0.3932	-	"0.07389 unit decrease"	[0.053-0.095]	-	"Open-angle glaucoma (PheCode 365.1)"	"open-angle glaucoma"	-	GCST90475871	-	39024449	"Verma A"
chr21:36725257-T	5E-12	-	0.8646	-	"0.09675 unit decrease"	[0.069-0.125]	-	"Open-angle glaucoma (PheCode 365.1)"	"open-angle glaucoma"	-	GCST90475871	-	39024449	"Verma A"
chr9:136711565-T	1E-17	-	0.792	-	"0.06753 unit increase"	[0.051-0.084]	-	"Open-angle glaucoma (PheCode 365.1)"	"open-angle glaucoma"	-	GCST90475872	-	39024449	"Verma A"
chr10:60271824-G	1E-14	-	0.6556	-	"0.04701 unit decrease"	[0.033-0.061]	-	"Open-angle glaucoma (PheCode 365.1)"	"open-angle glaucoma"	-	GCST90475872	-	39024449	"Verma A"
chr10:94955532-C	3E-11	-	0.6674	-	"0.04222 unit increase"	[0.028-0.056]	-	"Open-angle glaucoma (PheCode 365.1)"	"open-angle glaucoma"	-	GCST90475872	-	39024449	"Verma A"
chr10:118550763-A	6E-18	-	0.6026	-	"0.05218 unit decrease"	[0.039-0.065]	-	"Open-angle glaucoma (PheCode 365.1)"	"open-angle glaucoma"	-	GCST90475872	-	39024449	"Verma A"
chr11:19953458-T	3E-11	-	0.3954	-	"0.0406 unit decrease"	[0.027-0.054]	-	"Open-angle glaucoma (PheCode 365.1)"	"open-angle glaucoma"	-	GCST90475872	-	39024449	"Verma A"
chr11:33403686-G	4E-12	-	0.4845	-	"0.04114 unit decrease"	[0.028-0.054]	-	"Open-angle glaucoma (PheCode 365.1)"	"open-angle glaucoma"	-	GCST90475872	-	39024449	"Verma A"
chr11:86399945-G	1E-18	-	0.7422	-	"0.05958 unit decrease"	[0.045-0.074]	-	"Open-angle glaucoma (PheCode 365.1)"	"open-angle glaucoma"	-	GCST90475872	-	39024449	"Verma A"
chr11:120292164-T	2E-14	-	0.6909	-	"0.05557 unit decrease"	[0.04-0.071]	-	"Open-angle glaucoma (PheCode 365.1)"	"open-angle glaucoma"	-	GCST90475872	-	39024449	"Verma A"
chr12:48158847-G	6E-14	-	0.8424	-	"0.06097 unit increase"	[0.043-0.079]	-	"Open-angle glaucoma (PheCode 365.1)"	"open-angle glaucoma"	-	GCST90475872	-	39024449	"Verma A"
chr12:83996127-C	2E-75	-	0.4799	-	"0.1105 unit decrease"	[0.097-0.124]	-	"Open-angle glaucoma (PheCode 365.1)"	"open-angle glaucoma"	-	GCST90475872	-	39024449	"Verma A"
chr12:107117521-A	8E-18	-	0.6491	-	"0.05483 unit increase"	[0.041-0.069]	-	"Open-angle glaucoma (PheCode 365.1)"	"open-angle glaucoma"	-	GCST90475872	-	39024449	"Verma A"
chr12:108975623-G	3E-13	-	0.8203	-	"0.05858 unit decrease"	[0.041-0.076]	-	"Open-angle glaucoma (PheCode 365.1)"	"open-angle glaucoma"	-	GCST90475872	-	39024449	"Verma A"
chr13:22669707-G	3E-17	-	0.2543	-	"0.06644 unit increase"	[0.05-0.083]	-	"Open-angle glaucoma (PheCode 365.1)"	"open-angle glaucoma"	-	GCST90475872	-	39024449	"Verma A"
chr13:109246436-A	2E-18	-	0.7442	-	"0.0582 unit increase"	[0.043-0.073]	-	"Open-angle glaucoma (PheCode 365.1)"	"open-angle glaucoma"	-	GCST90475872	-	39024449	"Verma A"
chr14:53965858-C	2E-12	-	0.7668	-	"0.05002 unit increase"	[0.035-0.065]	-	"Open-angle glaucoma (PheCode 365.1)"	"open-angle glaucoma"	-	GCST90475872	-	39024449	"Verma A"
chr14:65090316-G	2E-11	-	0.833	-	"0.05309 unit decrease"	[0.036-0.07]	-	"Open-angle glaucoma (PheCode 365.1)"	"open-angle glaucoma"	-	GCST90475872	-	39024449	"Verma A"
chr14:85890147-A	1E-11	-	0.828	-	"0.05467 unit decrease"	[0.037-0.072]	-	"Open-angle glaucoma (PheCode 365.1)"	"open-angle glaucoma"	-	GCST90475872	-	39024449	"Verma A"
chr14:91913840-A	8E-13	-	0.5484	-	"0.04317 unit decrease"	[0.03-0.056]	-	"Open-angle glaucoma (PheCode 365.1)"	"open-angle glaucoma"	-	GCST90475872	-	39024449	"Verma A"
chr15:57519543-C	3E-17	-	0.4686	-	"0.05132 unit increase"	[0.038-0.064]	-	"Open-angle glaucoma (PheCode 365.1)"	"open-angle glaucoma"	-	GCST90475872	-	39024449	"Verma A"
chr15:71872419-A	2E-12	-	0.7156	-	"0.04823 unit increase"	[0.033-0.063]	-	"Open-angle glaucoma (PheCode 365.1)"	"open-angle glaucoma"	-	GCST90475872	-	39024449	"Verma A"
chr17:2133250-T	2E-14	-	0.6435	-	"0.0468 unit increase"	[0.033-0.06]	-	"Open-angle glaucoma (PheCode 365.1)"	"open-angle glaucoma"	-	GCST90475872	-	39024449	"Verma A"
chr17:45669524-A	4E-14	-	0.5087	-	"0.04615 unit increase"	[0.033-0.059]	-	"Open-angle glaucoma (PheCode 365.1)"	"open-angle glaucoma"	-	GCST90475872	-	39024449	"Verma A"
chr19:808824-C	2E-16	-	0.7542	-	"0.0597 unit increase"	[0.044-0.075]	-	"Open-angle glaucoma (PheCode 365.1)"	"open-angle glaucoma"	-	GCST90475872	-	39024449	"Verma A"
chr19:11303068-C	7E-13	-	0.6944	-	"0.04655 unit increase"	[0.032-0.061]	-	"Open-angle glaucoma (PheCode 365.1)"	"open-angle glaucoma"	-	GCST90475872	-	39024449	"Verma A"
chr19:33612873-C	5E-12	-	0.647	-	"0.04374 unit decrease"	[0.03-0.057]	-	"Open-angle glaucoma (PheCode 365.1)"	"open-angle glaucoma"	-	GCST90475872	-	39024449	"Verma A"
chr3:99144245-T	8E-20	-	0.7471	-	"0.06156 unit decrease"	[0.047-0.076]	-	"Open-angle glaucoma (PheCode 365.1)"	"open-angle glaucoma"	-	GCST90475872	-	39024449	"Verma A"
chr3:100645475-G	2E-13	-	0.8319	-	"0.06253 unit increase"	[0.044-0.081]	-	"Open-angle glaucoma (PheCode 365.1)"	"open-angle glaucoma"	-	GCST90475872	-	39024449	"Verma A"
chr3:171992387-G	3E-11	-	0.8396	-	"0.05706 unit increase"	[0.039-0.075]	-	"Open-angle glaucoma (PheCode 365.1)"	"open-angle glaucoma"	-	GCST90475872	-	39024449	"Verma A"
chr4:95217584-G	6E-12	-	0.4495	-	"0.04261 unit decrease"	[0.029-0.056]	-	"Open-angle glaucoma (PheCode 365.1)"	"open-angle glaucoma"	-	GCST90475872	-	39024449	"Verma A"
chr4:111963719-C	2E-12	-	0.7515	-	"0.04911 unit increase"	[0.034-0.064]	-	"Open-angle glaucoma (PheCode 365.1)"	"open-angle glaucoma"	-	GCST90475872	-	39024449	"Verma A"
chr5:31952051-T	1E-21	-	0.9012	-	"0.09766 unit increase"	[0.075-0.12]	-	"Open-angle glaucoma (PheCode 365.1)"	"open-angle glaucoma"	-	GCST90475872	-	39024449	"Verma A"
chr5:51997134-A	6E-17	-	0.5694	-	"0.05141 unit increase"	[0.038-0.065]	-	"Open-angle glaucoma (PheCode 365.1)"	"open-angle glaucoma"	-	GCST90475872	-	39024449	"Verma A"
chr5:128991182-C	4E-16	-	0.8001	-	"0.05859 unit decrease"	[0.043-0.074]	-	"Open-angle glaucoma (PheCode 365.1)"	"open-angle glaucoma"	-	GCST90475872	-	39024449	"Verma A"
chr5:131400433-T	6E-13	-	0.5763	-	"0.04299 unit increase"	[0.03-0.056]	-	"Open-angle glaucoma (PheCode 365.1)"	"open-angle glaucoma"	-	GCST90475872	-	39024449	"Verma A"
chr6:620222-C	3E-19	-	0.8674	-	"0.08114 unit decrease"	[0.062-0.1]	-	"Open-angle glaucoma (PheCode 365.1)"	"open-angle glaucoma"	-	GCST90475872	-	39024449	"Verma A"
chr6:36526313-G	1E-19	-	0.7914	-	"0.0698 unit decrease"	[0.053-0.086]	-	"Open-angle glaucoma (PheCode 365.1)"	"open-angle glaucoma"	-	GCST90475872	-	39024449	"Verma A"
chr6:50816887-G	1E-12	-	0.8267	-	"0.05391 unit decrease"	[0.037-0.071]	-	"Open-angle glaucoma (PheCode 365.1)"	"open-angle glaucoma"	-	GCST90475872	-	39024449	"Verma A"
chr6:136465572-A	1E-16	-	0.6173	-	"0.05068 unit increase"	[0.038-0.064]	-	"Open-angle glaucoma (PheCode 365.1)"	"open-angle glaucoma"	-	GCST90475872	-	39024449	"Verma A"
chr6:148839818-C	3E-16	-	0.8918	-	"0.07456 unit decrease"	[0.054-0.095]	-	"Open-angle glaucoma (PheCode 365.1)"	"open-angle glaucoma"	-	GCST90475872	-	39024449	"Verma A"
chr7:116153025-A	2E-29	-	0.7289	-	"0.07647 unit decrease"	[0.062-0.091]	-	"Open-angle glaucoma (PheCode 365.1)"	"open-angle glaucoma"	-	GCST90475872	-	39024449	"Verma A"
chr7:134511033-G	2E-11	-	0.8632	-	"0.06127 unit increase"	[0.042-0.081]	-	"Open-angle glaucoma (PheCode 365.1)"	"open-angle glaucoma"	-	GCST90475872	-	39024449	"Verma A"
chr8:17525652-C	2E-17	-	0.3771	-	"0.05404 unit decrease"	[0.041-0.068]	-	"Open-angle glaucoma (PheCode 365.1)"	"open-angle glaucoma"	-	GCST90475872	-	39024449	"Verma A"
chr8:30452731-G	6E-13	-	0.5983	-	"0.04404 unit increase"	[0.031-0.057]	-	"Open-angle glaucoma (PheCode 365.1)"	"open-angle glaucoma"	-	GCST90475872	-	39024449	"Verma A"
chr8:72574366-G	7E-15	-	0.8736	-	"0.06908 unit decrease"	[0.05-0.088]	-	"Open-angle glaucoma (PheCode 365.1)"	"open-angle glaucoma"	-	GCST90475872	-	39024449	"Verma A"
chr8:78948481-A	2E-11	-	0.6298	-	"0.04166 unit increase"	[0.028-0.056]	-	"Open-angle glaucoma (PheCode 365.1)"	"open-angle glaucoma"	-	GCST90475872	-	39024449	"Verma A"
chr8:124554317-A	1E-15	-	0.9364	-	"0.09317 unit decrease"	[0.068-0.119]	-	"Open-angle glaucoma (PheCode 365.1)"	"open-angle glaucoma"	-	GCST90475872	-	39024449	"Verma A"
chr9:16625061-T	2E-13	-	0.617	-	"0.04558 unit increase"	[0.032-0.059]	-	"Open-angle glaucoma (PheCode 365.1)"	"open-angle glaucoma"	-	GCST90475872	-	39024449	"Verma A"
chr9:89279512-C	1E-12	-	0.6776	-	"0.04504 unit decrease"	[0.031-0.059]	-	"Open-angle glaucoma (PheCode 365.1)"	"open-angle glaucoma"	-	GCST90475872	-	39024449	"Verma A"
chr9:107695539-T	7E-44	-	0.431	-	"0.08658 unit increase"	[0.073-0.1]	-	"Open-angle glaucoma (PheCode 365.1)"	"open-angle glaucoma"	-	GCST90475872	-	39024449	"Verma A"
chr9:134507516-C	1E-11	-	0.7175	-	"0.04686 unit increase"	[0.032-0.062]	-	"Open-angle glaucoma (PheCode 365.1)"	"open-angle glaucoma"	-	GCST90475872	-	39024449	"Verma A"
rs62578126-T	5E-34	-	0.32	-	"0.13539 unit decrease"	[0.11-0.16]	LMX1B-DT	"Glaucoma (primary open-angle)"	"open-angle glaucoma"	-	GCST90399726	9:126613059	36777996	"Zhou W"
rs9913911-G	4E-35	-	0.4045	-	"0.12198 unit decrease"	[0.1-0.14]	GAS7	"Glaucoma (primary open-angle)"	"open-angle glaucoma"	-	GCST90399726	17:10127866	36777996	"Zhou W"
rs6660601-T	1E-39	-	0.8823	-	"0.23075 unit decrease"	[0.2-0.27]	TMCO1	"Glaucoma (primary open-angle)"	"open-angle glaucoma"	-	GCST90399726	1:165726618	36777996	"Zhou W"
chr20:6525628-T	7E-10	-	0.5028	-	"0.064587 unit decrease"	[0.044-0.085]	-	"Glaucoma (primary open-angle)"	"open-angle glaucoma"	-	GCST90399726	-	36777996	"Zhou W"
rs6475604-C	1E-46	-	0.634	-	"0.15503 unit increase"	[0.13-0.18]	CDKN2B-AS1	"Glaucoma (primary open-angle)"	"open-angle glaucoma"	-	GCST90399726	9:22052735	36777996	"Zhou W"
rs3811574-T	4E-10	-	0.5505	-	"0.076945 unit decrease"	[0.053-0.101]	FMNL2	"Glaucoma (primary open-angle)"	"open-angle glaucoma"	-	GCST90399726	2:152490331	36777996	"Zhou W"
rs11024102-C	2E-10	-	0.3122	-	"0.064608 unit increase"	[0.045-0.085]	PLEKHA7	"Glaucoma (primary open-angle)"	"open-angle glaucoma"	-	GCST90399726	11:16987058	36777996	"Zhou W"
chr8:123603913-T	2E-10	-	0.06787	-	"0.15732 unit increase"	[0.11-0.21]	-	"Glaucoma (primary open-angle)"	"open-angle glaucoma"	-	GCST90399726	-	36777996	"Zhou W"
rs2771011-T	7E-12	-	0.8975	-	"0.11115 unit increase"	[0.079-0.143]	PKHD1,RPS15AP20	"Glaucoma (primary open-angle)"	"open-angle glaucoma"	-	GCST90399726	6:51613025	36777996	"Zhou W"
rs4822983-T	5E-12	-	0.2773	-	"0.080773 unit decrease"	[0.058-0.104]	CHEK2	"Glaucoma (primary open-angle)"	"open-angle glaucoma"	-	GCST90399726	22:28719078	36777996	"Zhou W"
rs6743072-G	2E-12	-	0.7743	-	"0.081162 unit decrease"	[0.059-0.104]	PNPT1,EFEMP1	"Glaucoma (primary open-angle)"	"open-angle glaucoma"	-	GCST90399726	2:55706533	36777996	"Zhou W"
rs62283809-G	1E-12	-	0.1071	-	"0.099955 unit increase"	[0.072-0.128]	FNDC3B	"Glaucoma (primary open-angle)"	"open-angle glaucoma"	-	GCST90399726	3:172102421	36777996	"Zhou W"
rs147660927-T	4E-14	-	0.02559	-	"0.40157 unit decrease"	[0.3-0.51]	ANGPTL7,MTOR	"Glaucoma (primary open-angle)"	"open-angle glaucoma"	-	GCST90399725	1:11193760	36777996	"Zhou W"
rs74315329-A	2E-34	-	0.00167	-	"1.8447 unit increase"	[1.55-2.14]	MYOCOS,MYOC	"Glaucoma (primary open-angle)"	"open-angle glaucoma"	-	GCST90399725	1:171636338	36777996	"Zhou W"
rs3835944-A	2E-7	-	0.5493	-	"0.056914 unit decrease"	[0.035-0.078]	-	"Glaucoma (primary open-angle)"	"open-angle glaucoma"	-	GCST90399726	-	36777996	"Zhou W"
rs11678072-C	3E-8	-	0.0999	-	"0.10507 unit decrease"	[0.068-0.142]	PCED1CP,MIR4776-2	"Glaucoma (primary open-angle)"	"open-angle glaucoma"	-	GCST90399726	2:212892900	36777996	"Zhou W"
rs9897803-A	3E-8	-	0.1487	-	"0.074282 unit increase"	[0.048-0.101]	BCAS3	"Glaucoma (primary open-angle)"	"open-angle glaucoma"	-	GCST90399726	17:60903795	36777996	"Zhou W"
rs12603592-T	3E-8	-	0.3367	-	"0.058033 unit decrease"	[0.038-0.079]	SMG6	"Glaucoma (primary open-angle)"	"open-angle glaucoma"	-	GCST90399726	17:2216524	36777996	"Zhou W"
rs9573612-T	2E-8	-	0.3884	-	"0.072842 unit increase"	[0.047-0.098]	LMO7	"Glaucoma (primary open-angle)"	"open-angle glaucoma"	-	GCST90399726	13:75685879	36777996	"Zhou W"
chr12:83644763-G	2E-8	-	0.3556	-	"0.060448 unit decrease"	[0.039-0.082]	-	"Glaucoma (primary open-angle)"	"open-angle glaucoma"	-	GCST90399726	-	36777996	"Zhou W"
chr2:66355853-C	2E-8	-	0.3416	-	"0.065109 unit increase"	[0.042-0.088]	-	"Glaucoma (primary open-angle)"	"open-angle glaucoma"	-	GCST90399726	-	36777996	"Zhou W"
rs140552967-A	2E-8	-	0.3734	-	"0.060747 unit increase"	[0.04-0.082]	LINC01349	"Glaucoma (primary open-angle)"	"open-angle glaucoma"	-	GCST90399726	1:100635025	36777996	"Zhou W"
rs11160251-G	2E-8	-	0.3103	-	"0.058479 unit decrease"	[0.038-0.079]	SYNE3	"Glaucoma (primary open-angle)"	"open-angle glaucoma"	-	GCST90399726	14:95491357	36777996	"Zhou W"
rs2627230-T	2E-8	-	0.3533	-	"0.063733 unit increase"	[0.042-0.086]	HMGA1P7,SLC2A12	"Glaucoma (primary open-angle)"	"open-angle glaucoma"	-	GCST90399726	6:134058731	36777996	"Zhou W"
rs61275591-A	1E-8	-	0.1075	-	"0.080036 unit increase"	[0.052-0.108]	LINC01948	"Glaucoma (primary open-angle)"	"open-angle glaucoma"	-	GCST90399726	5:56479729	36777996	"Zhou W"
rs7636138-C	9E-9	-	0.5401	-	"0.058657 unit decrease"	[0.039-0.079]	CADM2	"Glaucoma (primary open-angle)"	"open-angle glaucoma"	-	GCST90399726	3:85091035	36777996	"Zhou W"
rs2681046-T	8E-9	-	0.1656	-	"0.075507 unit increase"	[0.05-0.101]	THSD7A	"Glaucoma (primary open-angle)"	"open-angle glaucoma"	-	GCST90399726	7:11639804	36777996	"Zhou W"
rs13126426-C	8E-9	-	0.06003	-	"0.14692 unit decrease"	[0.097-0.197]	RNU6-289P,LYPLA1P2	"Glaucoma (primary open-angle)"	"open-angle glaucoma"	-	GCST90399726	4:111039218	36777996	"Zhou W"
rs1192415-A	7E-9	-	0.8272	-	"0.072476 unit decrease"	[0.048-0.097]	HSP90B3P,WDR82P2	"Glaucoma (primary open-angle)"	"open-angle glaucoma"	-	GCST90399726	1:91611540	36777996	"Zhou W"
rs77693339-C	4E-9	-	0.1042	-	"0.081946 unit increase"	[0.055-0.109]	ABO	"Glaucoma (primary open-angle)"	"open-angle glaucoma"	-	GCST90399726	9:133253171	36777996	"Zhou W"
rs77424833-AAT	4E-9	-	0.2789	-	"0.064484 unit increase"	[0.043-0.086]	-	"Glaucoma (primary open-angle)"	"open-angle glaucoma"	-	GCST90399726	-	36777996	"Zhou W"
rs13438572-G	3E-9	-	0.418	-	"0.084655 unit increase"	[0.057-0.113]	LSM8,CTTNBP2	"Glaucoma (primary open-angle)"	"open-angle glaucoma"	-	GCST90399726	7:117970714	36777996	"Zhou W"
rs113420616-T	3E-9	-	0.2547	-	"0.071513 unit increase"	[0.048-0.095]	-	"Glaucoma (primary open-angle)"	"open-angle glaucoma"	-	GCST90399726	-	36777996	"Zhou W"
rs4907985-A	2E-9	-	0.5229	-	"0.058173 unit decrease"	[0.039-0.077]	OLFM3,COL11A1	"Glaucoma (primary open-angle)"	"open-angle glaucoma"	-	GCST90399726	1:102875460	36777996	"Zhou W"
rs13268581-G	2E-9	-	0.398	-	"0.061976 unit decrease"	[0.042-0.082]	GTF2E2	"Glaucoma (primary open-angle)"	"open-angle glaucoma"	-	GCST90399726	8:30655454	36777996	"Zhou W"
rs4774910-C	1E-9	-	0.5156	-	"0.059511 unit decrease"	[0.04-0.079]	TCF12	"Glaucoma (primary open-angle)"	"open-angle glaucoma"	-	GCST90399726	15:57118019	36777996	"Zhou W"
rs7748159-G	8E-10	-	0.3981	-	"0.061201 unit decrease"	[0.042-0.081]	PDE7B,PDE7B-AS1	"Glaucoma (primary open-angle)"	"open-angle glaucoma"	-	GCST90399726	6:136143397	36777996	"Zhou W"
rs2472493-A	6E-43	-	0.5487	-	"0.13515 unit decrease"	[0.12-0.15]	ABCA1,CT70	"Glaucoma (primary open-angle)"	"open-angle glaucoma"	-	GCST90399726	9:104933567	36777996	"Zhou W"
chr11:47429966-T	4E-10	-	0.3298	-	"0.068745 unit increase"	[0.047-0.09]	-	"Glaucoma (primary open-angle)"	"open-angle glaucoma"	-	GCST90399726	-	36777996	"Zhou W"
rs373639805-G	6E-49	-	0.1549	-	"0.21301 unit decrease"	[0.18-0.24]	LOXL1	"Glaucoma (primary open-angle)"	"open-angle glaucoma"	-	GCST90399726	15:73931070	36777996	"Zhou W"
rs10216767-G	4E-10	-	0.6801	-	"0.066 unit increase"	[0.045-0.087]	ANGPT1	"Glaucoma (primary open-angle)"	"open-angle glaucoma"	-	GCST90399726	8:107496243	36777996	"Zhou W"
chr22:37854686-C	2E-10	-	0.691	-	"0.068923 unit decrease"	[0.048-0.09]	-	"Glaucoma (primary open-angle)"	"open-angle glaucoma"	-	GCST90399726	-	36777996	"Zhou W"
rs754458-A	1E-10	-	0.4295	-	"0.067154 unit increase"	[0.047-0.088]	LTBP2,AREL1	"Glaucoma (primary open-angle)"	"open-angle glaucoma"	-	GCST90399726	14:74618126	36777996	"Zhou W"
rs6787621-G	1E-10	-	0.6969	-	"0.068051 unit increase"	[0.047-0.089]	LPP	"Glaucoma (primary open-angle)"	"open-angle glaucoma"	-	GCST90399726	3:188349165	36777996	"Zhou W"
rs9853115-A	2E-11	-	0.5214	-	"0.068166 unit decrease"	[0.048-0.088]	DGKG,LINC02020	"Glaucoma (primary open-angle)"	"open-angle glaucoma"	-	GCST90399726	3:186413811	36777996	"Zhou W"
rs8009633-C	1E-11	-	0.2641	-	"0.075563 unit decrease"	[0.054-0.097]	FERMT2	"Glaucoma (primary open-angle)"	"open-angle glaucoma"	-	GCST90399726	14:52920118	36777996	"Zhou W"
rs4938799-G	7E-13	-	0.3827	-	"0.072001 unit increase"	[0.052-0.092]	ARHGEF12	"Glaucoma (primary open-angle)"	"open-angle glaucoma"	-	GCST90399726	11:120337548	36777996	"Zhou W"
chr13:22094919-A	7E-13	-	0.2128	-	"0.080395 unit increase"	[0.058-0.102]	-	"Glaucoma (primary open-angle)"	"open-angle glaucoma"	-	GCST90399726	-	36777996	"Zhou W"
rs1649053-C	4E-13	-	0.3758	-	"0.07745766 unit decrease"	[0.057-0.098]	BICC1	"Glaucoma (primary open-angle)"	"open-angle glaucoma"	-	GCST90399726	10:58561727	36777996	"Zhou W"
chr11:86643939-G	2E-14	-	0.8896	-	"0.10722 unit decrease"	[0.08-0.135]	-	"Glaucoma (primary open-angle)"	"open-angle glaucoma"	-	GCST90399726	-	36777996	"Zhou W"
chr7:116171382-C	1E-16	-	0.4782	-	"0.085226 unit decrease"	[0.065-0.105]	-	"Glaucoma (primary open-angle)"	"open-angle glaucoma"	-	GCST90399726	-	36777996	"Zhou W"
rs2745572-G	8E-25	-	0.3764	-	"0.10253 unit decrease"	[0.083-0.122]	FOXCUT,ELF2P2	"Glaucoma (primary open-angle)"	"open-angle glaucoma"	-	GCST90399726	6:1548134	36777996	"Zhou W"
rs17833038-T	4E-28	-	0.4936	-	"0.11609 unit increase"	[0.095-0.137]	AFAP1	"Glaucoma (primary open-angle)"	"open-angle glaucoma"	-	GCST90399726	4:7916866	36777996	"Zhou W"
chr14:60509819-A	7E-30	-	0.5468	-	"0.12081 unit decrease"	[0.1-0.142]	-	"Glaucoma (primary open-angle)"	"open-angle glaucoma"	-	GCST90399726	-	36777996	"Zhou W"
rs6478746-G	5E-8	(EA)	NR	-	-	-	LMX1B-DT	"Open-angle glaucoma and optic cup area"	"optic cup area,open-angle glaucoma"	-	GCST005406	9:126605119	29449654	"Gharahkhani P"
rs148639588-T	4E-8	(EA)	NR	-	-	-	OLFM3,COL11A1	"Open-angle glaucoma and optic cup area"	"optic cup area,open-angle glaucoma"	-	GCST005406	1:102806868	29449654	"Gharahkhani P"
rs72815193-G	6E-10	-	NR	-	-	-	NIP7P1,XRCC6P1	"Open-angle glaucoma and vertical cup-disc ratio"	"cup-to-disc ratio measurement,open-angle glaucoma"	-	GCST005409	10:93203634	29449654	"Gharahkhani P"
rs56962872-G	3E-8	(EA)	NR	-	-	-	LINC02052	"Open-angle glaucoma and vertical cup-disc ratio"	"cup-to-disc ratio measurement,open-angle glaucoma"	-	GCST005409	3:186482434	29449654	"Gharahkhani P"
